SA2_CODE_2021,Ag_For_Fish_OcMngr,Ag_For_Fish_OcProf,Ag_For_Fish_OcTechTrdW,Ag_For_Fish_OcComPerS,Ag_For_Fish_OcClericAdm,Ag_For_Fish_OcSalesWk,Ag_For_Fish_OcMacOp_Driv,Ag_For_Fish_OcLab,Ag_For_Fish_OcID_NS,Agri_for_fish_Tot,Mining_OcMngr,Mining_OcProf,Mining_OcTechTrdW,Mining_OcComPerS,Mining_OcClericAdm,Mining_OcSalesWk,Mining_OcMacOp_Driv,Mining_OcLab,Mining_OcID_NS,Mining_Tot,Manufact_OcMngr,Manufact_OcProf,Manufact_OcTechTrdW,Manufact_OcComPerS,Manufact_OcClericAdm,Manufact_OcSalesWk,Manufact_OcMacOp_Driv,Manufact_OcLab,Manufact_OcID_NS,Manufacturing_Tot,El_Gas_W_W_OcMngr,El_Gas_W_W_OcProf,El_Gas_W_W_OcTechTrdW,El_Gas_W_W_OcComPerS,El_Gas_W_W_OcClericAdm,El_Gas_W_W_OcSalesWk,El_Gas_W_W_OcMacOp_Driv,El_Gas_W_W_OcLab,El_Gas_W_W_OcID_NS,El_Gas_W_W_Tot,Construc_OcMngr,Construc_OcProf,Construc_OcTechTrdW,Construc_OcComPerS,Construc_OcClericAdm,Construc_OcSalesWk,Construc_OcMacOp_Driv,Construc_OcLab,Construc_OcID_NS,Construction_Tot,WhlesaleTde_OcMngr,WhlesaleTde_OcProf,WhlesaleTde_OcTechTrdW,WhlesaleTde_OcComPerS,WhlesaleTde_OcClericAdm,WhlesaleTde_OcSalesWk,WhlesaleTde_OcMacOp_Driv,WhlesaleTde_OcLab,WhlesaleTde_OcID_NS,WhlesaleTde_Tot,RetTde_OcMngr,RetTde_OcProf,RetTde_OcTechTrdW,RetTde_OcComPerS,RetTde_OcClericAdm,RetTde_OcSalesWk,RetTde_OcMacOp_Driv,RetTde_OcLab,RetTde_OcID_NS,RetTde_Tot,Acom_food_OcMngr,Acom_food_OcProf,Acom_food_OcTechTrdW,Acom_food_OcComPerS,Acom_food_OcClericAdm,Acom_food_OcSalesWk,Acom_food_OcMacOp_Driv,Acom_food_OcLab,Acom_food_OcID_NS,Acom_food_scs_Tot,Trans_po_wh_OcMngr,Trans_po_wh_OcProf,Trans_po_wh_OcTechTrdW,Trans_po_wh_OcComPerS,Trans_po_wh_OcClericAdm,Trans_po_wh_OcSalesWk,Trans_po_wh_OcMacOp_Driv,Trans_po_wh_OcLab,Trans_po_wh_OcID_NS,Trans_po_wh_Tot,Infon_med_tel_OcMngr,Infon_med_tel_OcProf,Infon_med_tel_OcTechTrdW,Infon_med_tel_OcComPerS,Infon_med_tel_OcClericAdm,Infon_med_tel_OcSalesWk,Infon_med_tel_OcMacOp_Driv,Infon_med_tel_OcLab,Infon_med_tel_OcID_NS,Infon_med_tel_Tot,Fin_and_ins_s_OcMngr,Fin_and_ins_s_OcProf,Fin_and_ins_s_OcTechTrdW,Fin_and_ins_s_OcComPerS,Fin_and_ins_s_OcClericAdm,Fin_and_ins_s_OcSalesWk,Fin_and_ins_s_OcMacOp_Driv,Fin_and_ins_s_OcLab,Fin_and_ins_s_OcID_NS,Fin_and_ins_s_Tot,Rent_hi_re_es_OcMngr,Rent_hi_re_es_OcProf,Rent_hi_re_es_OcTechTrdW,Rent_hi_re_es_OcComPerS,Rent_hi_re_es_OcClericAdm,Rent_hi_re_es_OcSalesWk,Rent_hi_re_es_OcMacOp_Driv,Rent_hi_re_es_OcLab,Rent_hi_re_es_OcID_NS,Rent_hi_re_es_Tot,Prof_sci_tec_OcMngr,Prof_sci_tec_OcProf,Prof_sci_tec_OcTechTrdW,Prof_sci_tec_OcComPerS,Prof_sci_tec_OcClericAdm,Prof_sci_tec_OcSalesWk,Prof_sci_tec_OcMacOp_Driv,Prof_sci_tec_OcLab,Prof_sci_tec_OcID_NS,Prof_sci_tec_Tot,Admin_sup_s_OcMngr,Admin_sup_s_OcProf,Admin_sup_s_OcTechTrdW,Admin_sup_s_OcComPerS,Admin_sup_s_OcClericAdm,Admin_sup_s_OcSalesWk,Admin_sup_s_OcMacOp_Driv,Admin_sup_s_OcLab,Admin_sup_s_OcID_NS,Admin_sup_s_Tot,Pub_adm_sfty_OcMngr,Pub_adm_sfty_OcProf,Pub_adm_sfty_OcTechTrdW,Pub_adm_sfty_OcComPerS,Pub_adm_sfty_OcClericAdm,Pub_adm_sfty_OcSalesWk,Pub_adm_sfty_OcMacOp_Driv,Pub_adm_sfty_OcLab,Pub_adm_sfty_OcID_NS,Pub_adm_sfty_Tot,Educ_training_OcMngr,Educ_training_OcProf,Educ_training_OcTechTrdW,Educ_training_OcComPerS,Educ_training_OcClericAdm,Educ_training_OcSalesWk,Educ_training_OcMacOp_Driv,Educ_training_OcLab,Educ_training_OcID_NS,Educ_training_Tot,Hlth_care_soc_OcMngr,Hlth_care_soc_OcProf,Hlth_care_soc_OcTechTrdW,Hlth_care_soc_OcComPerS,Hlth_care_soc_OcClericAdm,Hlth_care_soc_OcSalesWk,Hlth_care_soc_OcMacOp_Driv,Hlth_care_soc_OcLab,Hlth_care_soc_OcID_NS,Hlth_care_soc_Tot,ArtRecreatOcMngr,ArtRecreatOcProf,ArtRecreatOcTechTrdW,ArtRecreatOcComPerS,ArtRecreatOcClericAdm,ArtRecreatOcSalesWk,ArtRecreatOcMacOp_Driv,ArtRecreatOcLab,ArtRecreatOcID_NS,ArtRecreatTot,Other_scs_OcMngr,Other_scs_OcProf,Other_scs_OcTechTrdW,Other_scs_OcCom_PS_W,Other_scs_OcClericAdmin,Other_scs_OcSalesWk,Other_scs_OcMacOp_Driv,Other_scs_OcLab,Other_scs_OcID_NS,Other_scs_Tot,ID_NS_OcMngr,ID_NS_OcProf,ID_NS_OcTechTrdW,ID_NS_OcComPerS,ID_NS_OcClericAdm,ID_NS_OcSalesWk,ID_NS_OcMacOp_Driv,ID_NS_OcLab,ID_NS_OcID_NS,ID_NS_Tot
401011001,14,3,0,0,3,0,3,17,4,49,19,52,10,0,6,0,10,4,4,107,70,73,41,10,29,21,12,38,4,308,15,42,8,0,9,7,4,0,4,84,59,62,114,12,38,11,7,44,4,360,46,30,10,0,10,12,7,9,0,128,98,66,37,18,31,342,16,38,9,670,171,21,270,586,66,72,9,217,5,1412,24,33,4,4,29,6,80,7,0,191,23,105,25,0,26,14,0,3,0,191,44,157,5,0,149,12,0,0,15,380,22,25,3,7,24,57,0,3,4,145,144,933,84,0,123,12,0,5,7,1310,31,62,15,25,58,8,7,120,0,309,123,221,18,61,154,0,5,4,9,598,70,565,16,69,88,5,0,4,4,813,73,700,34,283,158,9,6,16,8,1280,37,77,12,71,20,4,0,5,6,234,42,51,55,64,24,14,0,6,0,259,63,57,22,24,20,27,5,20,53,302
401011002,18,6,0,0,6,5,0,5,0,40,12,13,4,0,0,0,5,0,0,38,61,44,17,7,13,12,4,27,0,187,11,8,6,0,3,0,0,0,0,27,31,14,51,9,21,3,13,10,4,162,24,11,3,0,13,7,3,6,0,64,48,29,7,9,13,148,10,19,0,282,48,6,33,146,9,8,3,31,0,290,18,6,0,8,10,0,21,5,3,66,4,33,10,0,9,5,0,0,0,61,19,52,0,0,44,8,0,0,8,131,11,9,4,3,4,40,0,0,0,72,58,324,19,0,58,8,0,0,0,466,13,12,0,15,16,0,0,21,0,75,50,94,9,29,46,0,0,0,0,230,47,261,4,53,27,0,0,3,4,409,25,398,11,98,77,5,5,10,0,632,13,29,3,30,9,0,0,5,4,91,10,27,20,35,9,0,0,4,0,110,24,20,0,3,12,5,3,5,21,97
401021003,138,5,11,0,13,8,10,44,0,227,6,8,8,0,0,0,10,0,0,38,64,30,83,10,36,13,20,47,0,310,13,3,25,0,12,0,5,5,4,67,68,6,216,5,58,3,29,65,7,445,27,15,17,0,12,20,6,7,0,104,44,8,20,4,20,142,13,34,7,284,37,0,20,54,0,13,0,30,0,157,15,4,7,3,28,0,45,4,0,112,7,8,5,0,8,0,0,0,0,25,12,20,0,0,38,0,0,0,0,67,12,0,0,0,15,28,3,0,0,61,28,112,34,0,35,4,0,0,0,218,12,15,27,5,17,0,0,53,0,128,52,76,26,69,51,0,8,8,0,286,28,188,14,84,21,0,0,4,3,347,38,181,10,142,91,7,3,17,0,481,13,18,16,15,4,0,0,5,0,79,15,5,87,19,13,0,3,5,0,149,20,17,26,0,10,0,9,12,24,122
401021004,50,20,10,4,13,9,4,40,0,147,30,52,21,0,6,0,7,0,0,129,159,83,76,13,39,47,18,39,6,468,26,32,20,0,18,5,10,3,4,119,159,29,319,5,72,7,27,76,7,702,64,37,14,3,21,23,16,7,0,193,152,44,37,6,32,315,17,65,6,675,112,3,44,252,16,48,6,137,0,632,27,24,16,5,25,0,55,5,0,164,23,63,20,0,6,7,0,0,3,120,65,120,0,0,92,5,0,0,4,293,25,18,4,0,20,54,3,0,0,125,197,693,66,3,141,7,5,4,7,1123,49,28,56,15,13,3,7,82,0,249,132,258,36,110,120,4,5,10,9,687,138,774,25,158,73,4,0,14,5,1200,135,915,27,270,184,6,3,30,8,1574,46,109,22,30,10,0,0,5,5,229,49,51,86,48,41,9,0,12,0,290,58,55,31,13,20,12,3,16,28,243
401021005,62,6,11,0,8,0,3,15,0,101,11,11,11,0,3,0,8,0,6,36,40,16,24,8,23,12,10,23,0,159,3,0,15,0,4,0,0,0,0,33,29,12,123,0,28,3,16,22,3,231,22,3,5,0,11,9,5,0,0,52,51,11,12,0,11,102,4,18,0,215,25,0,20,58,0,8,3,24,6,152,9,5,7,5,15,9,21,3,0,64,0,14,7,0,5,0,0,4,0,24,18,28,0,6,19,0,0,0,6,85,7,7,6,0,9,27,0,0,0,49,32,93,14,0,36,0,0,0,5,183,8,12,11,0,6,0,0,27,0,66,32,35,9,29,32,0,0,8,5,146,24,105,11,46,30,0,0,9,5,222,15,137,9,73,44,0,0,12,5,298,11,13,0,11,7,0,0,6,0,40,10,11,40,11,10,0,3,4,5,101,21,9,7,0,6,3,0,3,14,63
401021006,174,9,14,0,17,0,11,72,8,308,7,14,22,0,6,0,12,4,0,65,91,42,88,14,41,39,29,104,3,454,13,12,18,0,5,4,12,7,0,69,70,16,225,0,51,6,32,66,3,468,21,17,9,0,10,32,9,13,0,114,76,13,39,5,20,238,11,22,3,433,46,0,36,70,3,12,3,38,0,216,21,5,3,4,18,7,52,4,5,127,0,21,10,0,3,0,0,0,0,35,13,40,3,3,42,3,0,0,0,108,9,9,3,0,11,27,0,7,0,63,40,153,43,4,54,10,0,0,4,299,15,16,36,10,12,0,7,67,0,166,69,69,25,111,46,0,9,5,4,338,34,239,18,97,33,0,0,9,3,432,52,246,20,222,101,6,4,20,7,664,14,19,8,17,8,0,0,6,0,78,14,12,96,28,17,3,0,3,0,178,22,14,18,4,7,7,5,16,37,135
401021007,68,14,32,0,16,8,10,73,0,221,17,28,47,0,14,0,59,13,8,189,132,54,160,11,74,50,63,165,0,704,23,31,31,0,25,4,16,6,10,149,118,43,519,7,94,23,74,145,20,1028,42,37,30,0,31,51,25,25,7,238,204,31,81,9,55,719,47,123,9,1277,118,7,88,199,9,99,12,178,4,713,47,16,21,13,66,15,147,19,6,344,24,42,36,0,17,16,0,6,4,145,39,109,7,3,154,21,0,0,4,338,28,11,5,0,30,77,3,0,0,158,96,327,90,0,140,15,3,10,6,692,32,37,62,38,38,4,7,153,4,364,133,174,48,251,184,3,17,21,8,840,85,631,39,202,102,3,3,11,6,1091,115,650,50,608,264,12,6,52,15,1772,28,44,22,41,12,6,0,12,5,164,42,57,226,66,54,12,8,21,0,498,37,33,39,18,32,10,23,41,73,311
401021008,154,14,18,0,17,0,12,59,0,274,4,7,19,0,5,0,24,7,0,77,48,26,62,3,22,17,13,35,4,234,7,0,6,0,3,0,13,0,3,37,56,13,184,0,27,4,57,79,6,428,17,6,6,0,14,21,6,0,0,75,45,3,20,6,24,159,7,35,0,301,25,0,26,52,7,9,0,32,0,158,17,7,9,3,24,0,62,8,0,131,4,7,6,0,4,5,0,0,0,28,12,24,0,0,25,5,0,0,3,64,14,0,3,0,3,15,0,3,0,41,30,87,47,0,40,0,0,4,0,204,6,8,38,11,5,0,0,60,0,133,39,56,18,72,38,0,7,5,0,225,25,179,23,64,24,0,0,0,6,320,31,183,20,180,67,0,0,14,6,509,8,17,18,12,3,0,0,9,0,60,20,6,105,7,14,4,0,3,0,159,16,7,24,3,13,3,10,12,31,121
401021009,20,0,8,0,5,0,7,14,0,57,5,3,12,0,0,0,17,7,0,45,39,14,40,9,20,4,15,40,0,185,9,3,13,0,8,0,6,0,0,40,26,6,154,0,24,9,20,34,0,278,21,6,11,4,10,13,12,4,5,78,43,11,16,6,15,174,6,24,0,302,37,0,23,52,3,22,8,45,0,182,10,8,0,0,17,4,32,3,0,76,0,7,5,0,0,0,0,4,0,18,7,21,3,0,38,0,0,0,3,73,3,4,4,0,14,8,3,0,0,42,22,71,30,3,32,3,0,0,3,167,9,12,27,4,14,4,8,56,4,133,27,41,17,80,44,0,4,5,0,220,30,158,18,61,18,0,0,0,0,279,23,152,11,136,70,0,4,10,0,415,5,6,4,4,0,0,0,4,0,18,12,15,55,17,9,0,0,8,0,118,13,12,20,3,12,12,6,10,13,106
401021010,65,3,6,0,8,0,0,21,0,106,7,22,14,0,4,0,9,0,0,48,65,47,24,9,14,12,16,27,0,209,11,11,9,0,0,0,4,0,0,38,65,17,98,0,30,9,19,24,6,268,13,4,10,0,9,10,7,4,0,54,39,15,11,5,14,97,13,19,0,216,37,0,26,62,4,7,0,35,7,175,12,11,9,6,25,0,41,4,0,104,6,20,10,0,4,3,0,0,0,35,12,34,0,0,36,0,0,0,0,80,8,8,0,0,5,20,0,0,3,50,38,203,22,0,39,3,0,0,3,312,13,12,17,8,12,8,0,26,0,92,52,77,16,40,43,0,0,9,10,242,33,238,5,45,26,0,0,0,0,352,35,258,14,93,69,5,0,9,3,482,13,9,7,20,0,3,0,4,0,60,16,10,44,12,17,0,0,3,5,120,13,13,10,3,14,9,5,6,22,90
401031011,26,13,0,0,8,0,3,12,0,62,29,47,10,0,17,0,7,0,0,116,121,89,54,16,39,37,14,45,7,421,40,36,12,0,15,0,6,4,0,115,147,46,174,8,68,8,20,62,7,540,75,41,4,0,37,35,12,5,0,206,166,81,35,3,43,411,19,64,12,821,131,11,68,222,7,69,13,109,8,640,39,27,4,11,50,9,81,3,4,228,28,59,8,0,15,14,0,3,0,135,73,152,0,0,133,9,0,0,13,385,32,32,0,0,37,95,3,7,14,221,191,807,70,0,174,7,4,3,7,1261,45,37,18,19,37,9,5,79,4,249,125,240,15,68,156,0,0,5,7,611,107,742,25,150,78,4,0,5,13,1112,114,1051,37,267,223,8,12,20,10,1739,33,46,13,46,9,0,0,5,3,158,40,53,79,61,28,4,0,11,0,282,49,40,16,7,43,18,9,11,49,249
401031012,29,7,0,0,7,0,0,9,0,52,20,23,6,0,6,0,8,0,0,55,87,59,27,5,18,16,12,25,3,244,20,24,3,0,10,0,0,0,0,62,75,21,84,4,34,10,6,27,0,252,31,32,4,0,10,23,4,0,3,102,88,50,8,3,15,182,11,29,0,388,78,3,32,108,15,31,3,52,5,333,24,19,7,5,28,7,24,3,3,117,13,22,7,0,9,10,0,0,0,59,48,83,3,5,95,9,0,0,0,239,23,11,0,0,15,47,0,0,0,101,109,428,24,0,83,5,0,3,4,657,23,21,8,14,25,0,0,31,0,132,57,121,8,33,66,0,5,3,4,293,60,338,14,80,39,0,0,6,0,537,67,632,15,117,109,0,0,15,5,955,17,27,4,22,9,0,0,3,0,76,21,22,33,32,11,5,5,9,0,136,25,32,3,3,13,5,4,5,20,106
401031013,44,9,4,0,12,0,0,11,4,74,24,60,5,0,8,0,5,5,3,116,116,88,38,7,35,23,8,39,5,355,31,39,13,0,7,3,0,0,3,96,103,41,139,7,44,8,3,37,7,381,60,46,3,0,25,17,4,5,4,163,123,46,25,9,24,305,13,41,3,604,100,11,63,183,16,49,5,81,0,503,29,32,4,8,27,9,50,5,0,162,11,65,15,0,19,13,0,3,0,123,43,143,5,0,123,15,0,3,8,340,24,30,0,0,29,99,0,4,4,193,185,740,44,0,131,12,4,4,6,1124,24,24,11,26,36,3,0,63,4,199,106,190,10,40,111,5,0,7,9,475,78,548,15,108,60,0,0,6,3,819,87,1019,36,220,156,5,9,17,6,1557,23,47,8,34,13,6,0,7,0,145,34,43,60,43,11,4,0,9,0,208,36,34,16,8,30,15,8,9,39,200
401041014,11,5,0,0,4,0,5,0,0,24,3,9,8,0,0,3,3,4,0,30,61,51,67,9,36,25,23,30,4,293,9,23,12,4,11,0,5,4,0,68,69,21,249,0,54,10,29,57,6,501,23,10,11,0,18,24,15,4,0,111,83,19,23,3,32,341,21,59,5,584,55,6,29,70,13,42,0,61,0,277,21,9,10,3,30,6,63,7,0,150,12,20,13,0,11,3,0,0,0,64,29,70,0,0,81,3,0,0,6,189,14,8,5,0,15,31,3,0,0,76,63,249,52,0,82,0,3,7,3,456,20,25,17,12,18,7,5,65,0,159,64,117,20,70,109,10,6,13,0,400,44,372,15,105,63,0,0,6,0,601,39,279,20,218,127,3,7,36,6,735,7,9,10,21,8,0,0,4,0,61,25,21,87,32,28,7,0,14,0,227,15,22,14,4,20,8,13,10,18,121
401041015,18,4,7,0,6,0,0,30,0,62,9,20,5,0,9,0,15,4,3,68,85,84,138,8,70,35,43,104,7,580,23,43,18,0,28,9,7,5,3,130,96,45,402,4,94,11,46,137,14,849,64,35,11,0,38,58,44,10,0,261,147,59,59,12,47,584,51,108,13,1068,114,8,139,178,26,77,15,162,7,728,28,11,14,6,84,11,224,15,4,404,21,50,29,5,13,21,0,0,4,147,43,130,0,0,215,18,0,0,10,412,16,8,7,5,35,59,3,0,4,133,84,526,79,0,127,12,0,5,12,845,36,45,43,60,63,5,9,167,0,427,72,205,47,136,211,3,8,18,7,707,71,587,25,185,84,7,4,9,9,973,75,604,66,625,251,15,15,81,6,1742,28,24,13,44,5,3,4,3,0,131,32,29,215,80,48,12,6,35,8,463,25,42,39,28,50,32,30,40,54,349
401041016,25,14,5,0,10,4,3,12,0,66,14,31,7,0,8,5,11,0,0,84,140,110,127,13,66,35,37,95,8,630,36,58,19,0,22,5,6,4,0,158,140,57,399,9,110,23,33,133,3,909,65,33,30,0,33,51,28,12,4,255,152,95,52,6,52,600,28,124,11,1121,167,10,124,253,20,104,14,162,0,852,36,22,12,12,83,20,182,19,0,382,19,60,20,3,26,21,0,0,3,152,61,169,8,0,220,17,0,0,5,483,18,23,6,3,31,71,0,9,0,164,125,715,74,0,165,10,3,0,8,1102,49,62,37,44,68,5,9,153,4,428,111,289,43,119,243,3,5,23,8,844,108,823,30,194,106,5,0,20,5,1284,99,902,80,554,278,6,9,62,14,2014,29,31,16,65,17,8,3,5,6,174,49,57,166,70,52,6,3,33,7,440,50,54,25,15,46,27,26,19,73,335
401051017,14,11,5,0,8,0,0,5,0,42,15,21,9,0,5,0,3,0,0,57,73,46,28,5,23,12,13,21,3,230,16,27,5,0,11,0,0,3,0,62,76,30,107,4,36,4,9,36,9,306,33,23,0,0,8,25,5,0,0,99,68,40,22,7,22,207,9,40,3,418,102,5,83,184,10,31,7,58,0,488,15,14,3,9,28,6,51,3,0,130,18,47,11,0,14,14,0,0,0,105,34,94,0,0,100,10,0,0,6,237,22,15,0,0,17,46,0,0,0,106,106,530,43,5,95,11,0,4,6,799,18,42,8,15,25,0,0,75,3,184,77,151,9,37,76,0,0,3,9,363,58,402,17,74,45,5,0,11,5,624,64,577,26,161,110,8,3,7,7,961,24,43,12,28,5,0,0,4,0,134,15,29,44,52,18,0,0,15,5,179,36,25,4,6,13,17,5,7,23,137
401051018,6,4,4,0,3,0,0,10,0,26,11,20,4,0,4,0,9,5,0,48,68,66,62,3,22,21,30,53,0,322,13,26,9,0,8,0,3,10,0,64,91,34,220,6,54,8,17,70,5,500,27,26,11,0,27,24,23,7,0,153,79,52,32,0,47,326,21,56,4,622,89,4,68,152,14,53,5,95,0,472,16,15,7,4,33,8,98,14,0,196,22,40,10,0,17,6,0,0,0,94,40,90,0,3,101,9,0,0,0,242,14,17,3,0,14,39,0,0,0,96,93,384,48,3,121,5,4,5,8,664,26,28,22,27,32,0,0,99,3,238,74,150,24,61,106,3,5,9,6,436,56,439,21,101,73,3,0,5,0,701,58,500,35,311,144,11,8,34,9,1103,18,27,6,39,4,0,0,4,0,106,23,34,114,61,30,3,0,11,10,282,21,28,19,12,38,10,12,15,33,188
401051019,27,8,0,0,4,4,3,8,0,58,20,28,3,0,0,0,11,0,0,64,82,70,43,11,23,28,18,35,4,306,22,23,6,0,11,0,10,3,0,73,99,33,131,3,58,15,13,48,9,410,40,26,12,0,20,24,18,3,4,154,102,63,20,9,28,282,17,56,4,579,101,6,64,166,21,45,7,93,5,500,33,22,15,8,39,7,80,9,0,211,16,56,14,0,14,9,0,0,0,111,35,112,3,0,87,4,0,0,8,245,15,26,5,0,11,46,0,4,0,108,118,603,38,0,110,11,0,3,9,894,27,40,19,21,32,0,0,56,0,198,99,189,22,67,129,0,0,3,7,529,89,551,7,74,47,3,0,0,5,783,87,828,31,245,148,11,9,20,5,1383,22,46,8,35,6,6,0,5,0,126,28,39,84,43,20,5,5,14,0,232,31,37,20,6,17,9,8,11,33,177
401061020,7,3,4,0,3,0,0,4,0,26,0,8,7,0,0,0,7,0,0,26,34,45,32,0,15,14,20,27,8,193,20,22,9,0,4,0,0,0,0,56,56,22,120,0,33,7,12,29,3,270,15,15,8,0,15,8,9,0,0,70,49,28,8,0,13,186,22,34,0,337,28,0,26,65,5,27,4,56,0,222,21,9,0,0,26,4,57,5,0,116,0,20,7,0,11,5,0,0,0,47,20,48,4,0,55,3,0,0,0,124,10,10,4,0,9,24,0,0,3,59,42,194,25,0,47,5,0,0,0,317,6,23,3,11,22,0,0,38,4,115,57,99,10,47,56,3,3,4,5,285,46,268,6,48,44,0,0,7,5,425,35,326,11,164,81,3,3,16,3,649,13,11,0,21,4,4,0,9,0,60,21,13,49,17,14,3,0,18,0,128,12,13,6,6,9,5,4,10,23,81
401061021,30,8,6,0,9,3,4,16,0,82,7,25,11,0,4,0,7,3,5,59,116,104,99,20,42,35,41,89,3,537,22,38,18,0,23,5,8,5,4,122,118,51,262,7,66,5,11,56,7,586,74,34,16,0,21,31,17,7,0,206,117,53,34,3,44,404,30,60,4,749,124,5,91,182,17,58,5,122,3,612,39,22,6,9,44,14,141,7,4,288,16,65,25,0,29,15,0,4,5,156,42,102,9,0,132,10,0,0,0,293,23,18,3,0,29,45,6,10,0,126,100,528,48,0,104,12,4,7,8,801,31,28,20,26,44,4,3,106,3,268,135,251,35,100,170,0,3,13,11,723,86,594,20,107,62,6,0,0,8,887,104,805,31,312,204,6,4,42,3,1508,33,38,6,40,6,7,0,0,0,148,41,40,110,44,32,3,3,25,5,296,36,35,21,8,26,14,20,23,42,229
401061022,23,0,5,0,8,0,3,10,0,51,6,13,0,0,0,0,3,0,0,30,51,35,20,9,14,11,4,18,0,166,13,18,3,0,6,0,5,0,0,53,56,20,63,3,29,8,6,24,3,211,37,15,4,0,11,11,5,6,4,91,71,38,8,5,14,165,15,31,0,347,57,3,29,82,7,28,4,35,0,241,25,10,0,5,6,0,25,0,0,79,10,29,9,0,8,4,0,0,0,53,23,85,6,0,70,3,0,0,3,189,6,22,8,0,11,43,0,5,3,95,67,313,23,0,55,0,0,0,0,456,24,14,10,7,11,5,0,33,0,100,55,96,5,30,60,0,0,4,4,244,40,246,6,60,22,0,0,0,0,379,56,572,17,109,93,0,4,13,4,868,17,17,3,22,0,0,0,4,3,70,18,14,31,21,13,0,0,3,3,95,25,11,4,3,17,6,0,10,12,93
401071023,26,5,3,0,4,0,0,18,3,59,36,54,14,0,5,0,9,4,4,119,125,86,59,14,43,31,26,38,0,421,40,36,20,0,8,0,5,0,0,120,113,47,210,10,50,10,11,58,11,514,67,28,4,3,15,38,21,8,0,189,122,51,33,10,39,407,20,70,0,750,136,10,95,229,24,64,6,132,4,692,29,30,7,8,41,10,63,4,3,201,14,66,24,0,15,7,0,0,0,130,60,165,5,0,125,11,0,0,14,381,36,28,4,6,25,69,0,0,6,170,172,774,59,0,126,10,0,0,12,1154,38,52,27,28,52,8,9,99,4,303,141,268,22,93,162,0,3,7,21,717,114,708,23,105,83,0,0,8,10,1052,124,1000,42,350,200,4,6,47,9,1770,36,65,11,54,11,8,0,10,3,198,44,49,100,54,28,0,0,25,4,303,43,51,17,15,30,14,11,17,40,239
401071024,43,9,7,0,5,0,4,17,6,87,26,62,16,0,11,0,8,0,0,126,157,105,45,15,38,32,16,44,7,449,37,43,17,0,24,6,5,0,0,130,133,51,186,9,63,9,10,58,9,534,77,43,16,0,24,30,4,0,0,192,134,69,37,3,36,465,10,65,3,815,116,15,95,255,10,72,4,106,4,681,41,52,13,8,41,11,70,11,0,244,33,94,14,0,25,11,0,0,0,178,85,191,3,4,151,12,0,0,9,453,32,38,6,0,28,97,0,4,0,208,225,972,56,7,146,7,3,9,7,1431,49,58,23,30,41,0,4,87,0,289,153,265,16,79,171,4,0,12,11,718,119,720,22,130,88,3,0,3,7,1092,138,1202,48,338,196,15,0,26,15,1978,52,61,12,51,19,3,3,5,3,214,51,65,98,67,29,0,0,16,3,319,71,54,18,9,28,11,10,12,46,262
402011025,60,6,16,0,4,3,12,41,0,142,6,3,22,0,4,0,26,0,0,68,78,25,110,9,61,14,76,78,5,454,9,8,23,0,12,0,16,3,0,63,64,12,269,0,65,10,50,63,10,552,25,7,19,0,13,20,25,16,4,135,75,12,32,0,36,270,30,62,0,520,27,3,22,70,6,45,10,73,0,253,25,6,10,3,52,14,90,8,3,212,4,6,7,0,11,5,4,0,0,42,8,23,5,0,53,3,0,0,0,97,13,0,6,0,7,28,3,0,0,56,25,81,39,0,54,3,11,0,0,202,12,10,21,11,23,6,14,59,0,151,58,83,55,112,76,3,8,14,0,408,36,224,21,148,44,0,5,3,3,479,34,215,29,269,109,7,7,25,4,698,15,14,5,13,12,3,0,5,0,56,15,3,120,23,15,0,0,12,0,193,14,11,24,8,21,8,18,28,35,163
402011026,60,7,30,0,12,9,16,67,3,203,9,12,32,0,0,0,42,12,0,104,120,87,197,14,104,30,124,168,19,868,17,8,26,0,24,0,29,8,4,116,87,12,461,10,81,9,88,168,17,925,29,22,38,0,40,48,43,37,4,263,122,23,55,4,57,591,64,118,0,1040,102,3,64,153,13,100,12,135,3,595,42,12,28,4,79,14,227,23,14,437,9,11,17,0,16,7,0,0,0,64,24,43,0,0,100,10,0,0,0,181,13,0,10,0,31,68,7,0,6,127,40,168,76,3,87,0,9,10,0,397,38,40,39,44,52,3,15,163,6,399,125,160,87,190,183,0,12,25,12,798,81,458,33,225,81,0,7,9,6,899,77,449,55,598,262,13,5,65,5,1530,18,17,12,30,14,5,0,11,5,114,22,40,198,51,34,7,5,33,0,391,33,25,47,17,25,20,47,37,65,306
402011027,49,4,17,0,14,4,6,29,0,127,0,0,10,0,0,0,16,0,0,30,51,14,107,0,33,9,52,68,0,325,0,0,17,0,7,0,24,0,0,53,40,3,186,0,44,5,52,94,16,434,27,11,25,0,23,15,29,12,0,148,47,7,24,0,17,167,18,36,4,324,23,4,14,26,0,23,5,34,0,135,26,7,22,0,37,5,128,8,7,232,0,10,3,0,4,4,0,0,0,23,3,7,0,0,32,3,0,0,0,51,6,0,5,0,10,14,0,3,0,39,9,32,26,0,22,6,0,6,0,109,7,12,15,7,20,0,7,54,0,118,23,36,22,67,41,5,4,15,0,212,11,74,11,68,23,0,0,5,4,206,19,110,15,158,68,3,4,18,9,399,3,0,12,6,4,3,4,3,0,39,15,6,102,19,18,0,3,21,3,177,11,6,28,10,23,7,26,21,38,167
402021028,14,8,13,0,5,3,12,38,3,96,3,8,22,0,4,0,26,8,0,67,108,53,229,4,103,37,166,211,22,934,10,11,31,0,18,4,40,21,6,140,56,18,413,9,77,17,92,160,16,855,46,20,37,3,33,45,71,28,5,285,160,15,57,7,65,598,120,140,11,1172,79,10,38,94,7,101,8,166,4,501,34,5,20,9,99,4,321,16,3,520,6,16,8,0,19,3,0,0,0,48,31,28,0,5,112,3,0,0,6,185,14,8,8,7,19,34,6,0,0,87,17,106,54,0,59,0,0,11,0,253,22,38,36,43,59,4,14,201,8,415,106,147,102,236,166,0,17,30,12,819,44,290,18,262,65,3,7,7,0,701,60,368,57,713,227,10,10,71,9,1530,6,11,4,26,6,10,0,3,0,72,23,25,188,48,30,8,10,44,0,373,27,21,46,17,34,11,62,50,58,328
402021029,32,0,0,0,6,0,12,79,0,137,0,6,12,0,3,0,25,15,3,57,40,25,149,7,66,25,127,253,21,708,3,3,7,0,12,0,38,14,0,83,25,8,236,10,49,3,78,149,12,568,15,3,20,0,20,30,73,41,9,216,105,14,46,11,32,448,103,99,5,860,47,0,43,77,4,97,6,168,0,435,16,4,21,5,70,8,289,25,0,450,5,7,5,0,10,0,0,0,0,38,0,12,0,0,71,7,0,0,6,104,0,0,4,0,10,24,6,9,0,58,11,53,35,0,43,0,4,7,0,156,9,38,23,50,44,3,22,226,7,426,22,42,34,157,91,0,9,21,12,383,13,110,7,156,58,0,0,9,4,349,30,150,38,581,113,7,7,86,11,1020,10,9,3,17,5,3,0,7,0,47,11,14,130,44,20,4,9,32,3,280,15,9,30,8,27,18,59,72,91,323
402021030,20,0,0,0,0,0,3,61,0,93,0,0,5,0,0,0,3,0,0,11,16,10,74,3,12,0,75,160,3,350,3,0,10,0,0,7,13,9,0,44,14,0,94,0,13,6,24,68,9,235,0,0,12,0,3,10,21,11,0,67,25,0,21,3,7,162,21,44,5,281,12,0,20,32,3,36,7,56,0,168,8,4,11,6,28,4,118,17,0,183,6,0,8,0,5,4,0,0,0,19,0,0,0,0,18,4,0,0,0,31,0,0,0,0,5,8,0,5,0,21,0,22,10,0,15,0,0,0,0,52,0,10,20,23,16,7,7,127,4,208,4,20,15,33,32,0,3,3,0,112,8,31,10,50,18,0,0,0,3,121,6,73,28,222,47,0,7,44,3,439,5,0,0,4,0,0,0,0,0,21,3,0,58,16,6,4,9,15,3,115,10,10,25,9,11,8,36,46,62,214
402021031,16,0,9,0,0,0,9,58,0,90,4,5,17,0,0,0,20,4,0,49,45,32,118,6,41,8,102,155,3,510,8,3,13,0,8,3,19,6,5,65,28,7,267,4,40,4,54,104,25,540,16,7,19,0,27,18,55,19,0,161,74,13,30,5,29,361,56,74,4,645,55,0,25,67,3,57,5,72,0,292,14,3,18,3,62,14,174,20,8,321,5,12,10,0,10,3,0,0,0,40,7,15,0,5,59,8,0,0,0,88,0,0,3,0,12,11,0,3,0,41,17,74,26,0,41,3,3,0,0,168,13,10,15,24,41,5,11,128,0,251,34,64,35,115,92,5,10,28,6,385,20,130,17,128,43,0,5,13,0,362,30,176,39,377,116,3,9,53,11,826,9,13,11,13,3,3,0,4,0,54,18,8,109,24,22,0,5,23,5,223,9,13,23,10,20,12,39,48,77,254
402021032,104,3,13,0,13,4,16,70,0,225,3,5,26,0,0,0,26,9,0,75,100,43,174,4,84,17,115,161,17,717,9,8,29,0,23,5,31,14,7,125,51,13,344,5,81,10,124,166,18,808,36,10,29,0,39,40,63,30,6,251,152,25,60,8,58,518,86,114,3,1027,68,0,41,67,9,90,5,108,5,397,39,8,26,6,99,16,276,17,12,499,0,15,15,0,14,4,0,0,0,47,10,34,7,0,102,5,0,0,0,164,11,6,6,0,19,29,3,3,0,76,22,98,62,4,60,3,7,3,3,259,15,45,30,33,66,3,9,116,3,319,55,98,93,182,104,4,14,14,7,580,24,202,19,178,49,0,0,4,7,486,51,261,40,591,177,8,10,46,4,1196,17,8,3,29,9,10,0,3,5,79,21,17,187,47,36,4,4,32,3,342,31,12,44,26,28,10,38,37,78,306
402021033,20,4,4,0,0,0,0,5,0,31,0,0,3,0,0,0,3,0,0,8,25,10,26,0,11,3,11,10,3,107,5,4,10,0,7,0,3,0,0,32,23,4,87,0,25,0,11,30,0,178,8,0,9,0,0,12,10,0,0,41,20,0,4,0,7,62,3,18,0,115,9,0,3,13,5,9,0,12,0,56,17,0,3,0,6,5,12,4,0,50,0,0,5,0,5,0,0,3,0,13,7,4,0,0,5,0,0,0,0,14,0,0,0,0,4,11,0,0,0,20,13,34,13,0,14,0,0,3,0,78,0,4,10,4,6,0,0,15,0,36,17,28,14,20,18,0,0,3,4,105,10,72,9,34,16,0,0,0,0,150,11,58,0,48,27,0,0,9,5,163,0,0,0,7,8,0,0,0,0,15,4,5,44,7,11,0,0,0,0,72,12,0,4,0,6,0,5,0,10,32
402021034,11,0,7,0,5,0,8,42,0,71,0,0,12,0,0,0,9,3,0,19,27,9,90,4,21,20,90,150,10,421,3,0,3,0,6,3,15,9,0,44,9,3,118,9,14,0,51,89,11,304,13,0,10,0,16,10,40,34,0,122,65,4,19,0,22,270,42,65,5,482,31,0,28,51,7,44,7,70,5,236,9,0,10,0,45,5,177,17,3,278,0,7,3,0,7,0,4,5,0,24,4,8,0,0,25,0,0,0,0,39,0,0,5,0,7,3,0,4,0,22,4,25,14,0,23,3,4,4,0,86,4,9,16,31,22,9,10,162,4,272,8,24,11,62,43,0,8,11,0,175,11,46,12,56,18,0,0,6,0,150,16,90,23,315,64,0,11,53,3,572,5,5,3,7,4,3,0,4,0,30,5,10,56,20,6,0,12,11,0,131,17,4,20,9,14,4,31,62,68,242
402021035,260,5,9,0,21,3,12,49,4,362,5,0,5,0,4,0,9,0,0,23,27,9,44,0,29,7,37,54,0,205,5,7,3,0,8,0,14,3,0,32,23,7,96,0,21,0,33,43,5,224,18,8,9,0,11,15,36,14,4,111,39,7,9,0,16,114,7,23,3,228,15,0,10,22,0,20,4,10,0,82,18,0,10,0,20,6,100,7,5,164,0,5,0,0,4,0,0,0,0,15,5,10,0,0,27,0,0,0,0,51,3,0,0,0,0,5,0,0,0,11,9,32,9,0,19,0,0,0,0,71,4,12,3,10,12,0,4,40,3,94,17,21,16,47,44,0,0,3,0,160,12,71,7,47,9,0,0,0,0,152,14,87,18,125,49,6,0,15,0,306,6,3,4,3,5,0,0,0,3,21,6,3,52,14,8,0,0,10,0,91,12,3,9,9,10,9,14,21,25,121
402031036,53,0,5,0,6,0,17,85,5,176,3,19,14,0,5,0,12,3,0,63,86,86,173,7,61,29,102,299,11,863,4,36,26,0,15,9,23,16,4,131,70,48,581,6,77,5,57,124,13,986,47,36,32,0,40,47,52,42,4,293,170,58,67,13,51,597,89,134,8,1182,136,5,204,194,22,113,32,236,7,954,24,29,22,7,107,10,483,32,10,725,7,55,33,0,28,5,0,3,0,144,31,97,5,4,160,10,0,3,4,308,14,11,3,3,19,23,4,4,0,80,66,427,87,0,58,8,3,13,10,675,37,55,38,54,63,8,16,313,8,589,90,194,51,173,199,0,0,13,18,742,52,463,26,152,61,0,5,12,9,770,61,645,71,827,207,0,19,91,11,1936,21,24,21,48,11,5,0,12,4,143,23,41,204,91,39,13,15,59,4,482,27,30,69,22,40,18,62,69,122,463
402031038,10,11,5,0,4,0,10,41,6,81,8,24,20,0,11,0,14,6,0,79,91,105,126,6,58,33,97,174,10,699,14,48,11,0,27,10,10,4,0,139,102,55,372,12,72,16,27,113,9,784,55,35,32,4,43,22,52,21,3,260,153,80,49,12,47,516,57,107,6,1027,156,12,164,168,30,100,16,184,3,828,39,24,16,16,94,12,333,16,7,554,22,52,43,0,22,31,0,0,5,170,41,126,7,4,177,20,0,0,0,375,12,7,9,0,19,55,7,8,0,124,110,560,104,0,120,3,5,11,11,920,41,44,32,58,75,7,10,277,8,551,102,248,31,125,212,0,6,23,10,756,73,574,21,175,99,4,0,11,6,960,86,844,87,801,249,6,5,92,9,2193,29,27,8,49,11,3,0,11,0,138,42,48,153,78,35,13,9,52,3,437,30,58,24,23,41,18,49,44,91,382
402031175,20,6,7,0,5,0,0,20,0,61,6,23,12,0,4,0,7,7,0,56,96,90,105,5,47,31,47,152,4,579,17,40,17,0,23,4,7,3,0,111,94,41,241,7,75,15,25,71,5,579,30,35,17,0,42,25,17,13,3,185,133,64,41,5,38,385,34,91,8,797,137,14,114,139,22,75,14,150,8,656,32,17,10,10,78,12,182,10,3,356,10,48,29,0,23,15,0,0,0,125,45,111,5,0,167,10,0,0,3,339,11,16,0,4,23,43,0,3,0,106,86,387,77,7,106,8,0,4,6,672,46,33,26,30,49,3,11,149,3,346,102,221,51,164,192,0,10,16,7,764,60,442,23,125,74,0,3,8,5,736,73,744,74,527,178,8,10,47,10,1673,24,20,8,36,11,3,0,3,3,108,34,45,120,67,25,8,4,28,0,343,41,42,33,27,36,20,30,30,56,321
402031176,0,0,9,0,0,0,7,9,3,26,0,6,9,0,4,0,9,0,0,24,32,41,78,8,38,10,47,94,5,355,7,14,11,0,10,3,4,0,0,56,29,17,218,5,35,7,32,55,7,395,19,8,13,0,21,17,18,11,0,104,67,22,24,0,21,248,18,80,0,502,57,4,66,55,12,50,4,68,3,321,21,4,8,4,45,4,168,8,3,273,11,21,7,0,15,4,0,0,0,55,11,40,0,3,80,0,0,0,0,134,8,3,4,0,8,20,0,0,0,53,26,139,41,0,68,3,4,0,0,278,17,23,14,19,29,0,6,89,10,215,31,82,24,81,91,0,6,9,6,334,21,208,13,89,49,4,0,7,4,393,36,253,37,419,92,3,0,36,11,886,18,9,3,17,5,0,0,0,0,59,10,24,107,30,16,7,3,29,0,228,9,21,24,8,17,11,19,21,41,172
402041039,0,0,0,0,0,0,0,0,0,0,0,0,0,0,0,0,0,0,0,0,0,0,0,0,0,0,0,0,0,0,0,0,0,0,0,0,0,0,0,0,0,0,0,0,0,0,0,0,0,0,0,0,0,0,0,0,0,0,0,0,0,0,0,0,0,0,0,0,0,0,0,0,0,0,0,0,0,0,0,0,0,0,0,0,0,0,0,0,0,0,0,0,0,0,0,0,0,0,0,0,0,0,0,0,0,0,0,0,0,0,0,0,0,0,0,0,0,0,0,0,0,0,0,0,0,0,0,0,0,0,0,0,0,0,0,0,0,0,0,0,0,0,0,0,0,0,0,0,0,0,0,0,0,0,0,0,0,0,0,0,0,0,0,0,0,0,0,0,0,0,0,0,0,0,0,0,0,0,0,0,0,0,0,0,0,0,0,0,0,0,0,0,0,0,0,0,0,0,0,0
402041040,18,3,10,0,3,0,0,32,0,64,3,4,16,0,0,0,6,3,0,32,50,42,150,4,63,20,91,116,5,550,14,7,19,0,18,5,9,7,0,86,26,19,323,5,42,6,49,101,10,581,23,23,22,4,36,24,53,19,4,211,89,25,40,4,36,353,49,72,3,676,59,3,52,86,6,82,12,125,7,426,17,11,16,3,102,10,247,23,8,431,9,21,15,0,6,7,0,4,0,63,10,33,6,0,119,21,0,0,0,193,6,0,8,0,17,27,3,8,0,70,30,162,51,0,66,4,0,5,3,327,22,23,32,29,41,0,8,162,5,321,44,93,37,93,139,8,5,13,13,453,33,247,22,114,69,0,0,7,0,499,38,371,56,522,152,6,11,63,10,1233,12,8,7,26,5,5,0,6,4,72,22,25,134,52,32,9,12,32,0,310,15,11,41,12,29,13,37,41,50,254
402041041,10,0,9,0,6,0,7,25,0,62,4,5,10,0,3,0,19,3,0,44,80,41,150,3,61,26,101,132,10,593,19,12,19,0,29,3,21,8,5,112,60,18,411,0,75,3,57,122,18,770,37,13,18,0,38,32,58,19,4,215,82,27,55,3,48,396,41,88,4,751,73,0,42,82,12,79,10,129,0,418,18,11,29,8,89,12,203,18,5,387,3,24,11,0,21,7,0,0,3,75,18,45,3,0,102,10,0,0,3,179,6,4,11,0,19,28,8,7,5,80,21,128,61,0,57,7,3,7,8,292,14,21,28,32,50,3,11,151,3,312,45,85,35,125,110,4,11,13,4,428,37,246,20,162,64,0,0,3,6,541,46,296,60,524,149,8,8,55,7,1150,11,11,17,30,6,0,0,5,3,88,23,25,168,40,49,10,5,39,0,366,29,21,47,12,32,10,35,46,67,305
402041042,0,0,0,0,0,0,0,0,0,0,0,0,0,0,0,0,0,0,0,0,0,0,0,0,0,0,0,0,0,0,0,0,0,0,0,0,0,0,0,0,0,0,0,0,0,0,0,0,0,0,0,0,0,0,0,0,0,0,0,0,0,0,0,0,0,0,0,0,0,0,0,0,0,0,0,0,0,0,0,0,0,0,0,0,0,0,0,0,0,0,0,0,0,0,0,0,0,0,0,0,0,0,0,0,0,0,0,0,0,0,0,0,0,0,0,0,0,0,0,0,0,0,0,0,0,0,0,0,0,0,0,0,0,0,0,0,0,0,0,0,0,0,0,0,0,0,0,0,0,0,0,0,0,0,0,0,0,0,0,0,0,0,0,0,0,0,0,0,0,0,0,0,0,0,0,0,0,0,0,0,0,0,0,0,0,0,0,0,0,0,0,0,0,0,0,0,0,0,0,0
402041043,88,3,9,0,4,3,13,87,4,219,0,6,6,0,0,0,9,0,0,26,68,29,163,8,41,30,137,314,12,800,8,11,15,0,14,7,29,3,3,80,47,17,341,11,44,3,65,129,23,680,18,13,29,0,28,31,46,50,3,222,92,28,45,7,36,388,81,94,3,779,62,3,78,106,9,81,19,143,6,515,33,17,21,8,107,14,347,24,7,573,10,15,20,0,16,5,0,0,4,85,6,26,0,0,72,6,0,0,3,118,0,0,0,0,11,16,3,8,0,42,11,140,47,0,46,7,3,6,8,266,19,31,29,33,45,0,18,230,7,405,30,78,27,124,118,5,8,17,5,415,24,170,25,149,53,0,0,12,7,438,22,289,57,660,117,9,14,74,5,1248,10,12,7,21,3,14,0,8,3,67,14,15,137,80,27,4,7,53,0,342,31,24,53,19,17,9,57,59,80,355
402041044,156,0,7,0,5,0,15,109,3,305,0,3,13,0,5,0,19,10,0,53,87,38,189,11,69,32,168,331,10,930,6,10,25,0,26,5,43,12,0,130,25,24,338,0,52,9,92,149,15,704,38,17,36,0,42,37,74,51,0,295,102,8,47,4,49,450,94,122,6,888,62,3,45,104,9,107,9,128,0,472,37,10,32,10,148,9,319,34,8,607,0,13,9,0,18,11,0,0,5,59,8,33,0,3,89,8,0,0,7,157,10,5,5,0,17,24,3,7,0,68,17,93,49,5,42,6,3,6,0,218,20,27,28,39,46,3,20,220,5,404,39,61,20,107,116,9,12,28,5,404,16,166,21,165,54,0,0,4,5,425,42,231,40,593,154,5,14,64,16,1152,9,5,9,39,7,0,0,5,0,78,7,8,162,68,32,7,7,43,4,343,32,15,55,17,30,18,51,77,70,370
402041046,69,0,4,0,3,0,9,106,3,203,0,4,5,0,0,0,14,0,0,33,48,24,162,8,45,15,140,357,17,805,5,9,14,0,10,7,26,12,0,81,26,15,300,8,47,6,47,116,16,577,20,5,22,4,30,21,64,42,4,201,68,16,46,5,26,377,78,77,9,701,47,0,45,78,6,67,13,129,4,402,24,0,13,0,84,9,252,18,6,414,5,15,10,0,15,9,0,0,0,48,7,26,0,0,75,3,0,0,0,104,5,0,0,0,15,25,3,6,0,56,12,86,33,0,42,5,0,6,4,192,14,13,32,32,51,4,17,188,0,352,23,46,16,99,109,3,7,20,12,333,20,160,20,133,44,0,3,4,0,382,19,238,52,642,98,3,13,59,10,1123,3,6,12,19,0,3,0,3,0,54,14,15,138,74,26,6,4,37,0,320,29,11,45,25,24,14,52,109,89,387
402041047,24,6,3,0,8,0,4,31,0,76,9,0,15,0,3,0,30,0,0,61,100,44,205,6,86,29,115,183,14,770,13,13,28,0,24,8,30,10,0,121,72,18,435,14,96,13,86,141,18,889,36,11,27,0,54,47,53,25,5,253,115,25,63,11,57,469,54,90,4,890,83,3,42,96,12,82,16,140,0,476,36,8,26,8,107,11,224,20,0,446,16,21,19,0,20,13,0,0,0,93,15,40,3,0,95,7,0,0,0,165,21,9,4,3,24,33,3,12,3,105,21,136,63,0,81,0,4,5,3,316,18,38,33,33,65,5,12,170,5,377,45,100,56,126,147,8,8,28,12,528,37,267,24,190,57,0,3,0,5,586,56,275,42,512,196,5,7,59,14,1165,10,17,11,32,9,3,4,8,0,94,16,19,182,61,46,3,10,26,0,366,29,14,49,12,41,12,42,55,61,314
402041048,135,7,7,0,10,4,17,133,5,311,4,3,14,0,5,0,11,9,0,39,65,41,180,9,67,17,145,346,15,874,4,9,17,0,11,0,45,3,4,100,27,13,289,12,37,6,77,120,14,580,24,9,23,0,38,34,73,57,3,265,85,16,44,9,39,418,89,111,10,814,68,0,39,98,0,83,19,142,3,451,27,4,15,0,92,13,289,28,5,466,9,11,11,0,16,10,5,0,4,62,6,15,0,0,59,4,0,0,3,101,3,6,3,0,5,23,3,5,0,55,11,80,48,0,41,0,3,7,6,191,12,28,24,30,46,0,19,172,6,349,48,101,91,317,101,0,33,32,8,734,18,129,21,128,44,0,5,9,8,350,34,187,45,560,134,8,7,67,10,1059,11,6,3,13,3,5,0,3,3,50,12,11,124,63,25,5,8,32,7,290,20,17,61,21,39,18,64,84,91,403
402041171,56,4,8,0,3,7,3,27,4,113,8,15,12,0,4,0,23,3,0,60,99,100,110,8,63,22,47,125,8,587,19,35,13,0,12,6,15,4,3,105,72,51,235,3,41,14,47,64,14,550,34,13,17,7,45,22,38,14,5,204,127,57,38,6,39,353,36,61,8,728,98,5,74,141,9,74,9,125,0,530,48,32,13,10,72,7,190,17,0,384,17,33,15,0,11,20,0,0,3,98,27,86,0,0,143,16,0,0,14,278,14,12,3,0,16,37,0,5,0,89,65,338,48,0,69,5,0,6,4,535,16,43,16,29,52,7,10,80,6,266,121,205,61,189,143,3,8,8,13,757,54,379,14,110,67,0,0,8,0,636,67,520,41,431,158,11,4,29,13,1275,9,13,11,37,6,4,0,3,0,78,25,20,94,47,26,9,0,13,0,236,31,30,23,6,32,18,27,30,41,239
402041172,14,0,4,0,4,0,0,25,0,50,0,0,7,0,0,0,0,0,0,13,36,26,85,4,30,13,51,106,0,362,4,3,7,0,4,8,4,0,0,36,21,13,158,4,29,3,22,55,4,305,8,7,22,0,14,10,27,15,5,110,47,16,14,5,13,190,26,36,3,360,32,0,41,49,6,33,5,66,0,236,17,4,3,0,39,6,131,5,0,200,3,3,12,0,4,9,0,0,0,37,0,17,0,0,28,3,0,0,3,57,3,3,0,0,5,5,0,4,0,20,17,104,25,0,18,7,3,4,0,173,11,10,19,20,19,3,4,74,5,165,17,59,16,37,55,5,5,14,9,211,8,123,8,69,20,0,0,0,0,236,15,154,35,278,71,3,9,24,3,587,0,12,0,6,5,0,0,0,0,25,3,6,79,29,17,8,8,24,0,176,15,13,20,16,21,8,26,21,49,185
402051049,14,0,4,0,3,0,4,3,0,29,9,8,17,0,3,0,3,0,0,43,90,40,80,5,57,25,36,39,3,371,20,7,17,0,17,6,8,7,0,84,47,19,224,0,47,12,28,60,9,453,35,20,11,0,31,28,22,3,0,153,103,21,26,8,21,320,24,52,3,578,38,4,15,67,10,58,0,72,0,275,30,8,12,0,42,11,71,10,6,193,13,22,13,0,13,8,0,3,0,75,40,59,0,0,109,11,0,0,3,215,13,6,5,0,22,27,0,0,0,74,56,147,44,0,74,3,0,3,3,334,18,21,14,14,29,4,3,51,0,155,75,105,38,136,141,6,4,9,9,517,47,309,20,122,49,0,0,6,0,556,50,274,28,255,147,6,4,19,8,786,10,11,6,32,11,3,0,0,6,68,14,13,79,26,27,8,0,15,6,181,15,19,14,7,17,9,8,6,32,129
402051050,0,0,0,0,4,0,0,0,0,13,11,5,17,0,4,0,15,0,0,51,78,42,93,3,70,16,25,38,3,377,12,7,24,0,8,0,6,8,0,69,61,14,245,0,55,4,26,47,4,469,33,14,17,0,19,22,19,9,0,132,95,14,32,0,25,315,35,61,3,580,29,0,23,50,5,53,3,68,0,233,29,8,11,4,50,7,75,9,0,203,8,10,10,0,16,8,0,0,0,48,28,36,5,0,84,8,0,0,0,164,8,8,5,0,13,40,0,4,0,79,38,106,38,3,50,3,0,3,4,253,17,17,20,14,22,3,3,57,4,141,66,109,52,143,110,3,7,11,9,504,40,275,10,142,60,0,0,0,0,533,61,229,25,240,135,3,5,17,4,734,3,5,0,16,10,3,0,0,0,46,15,14,116,31,20,0,0,15,0,215,12,12,11,6,24,9,12,9,25,115
402051051,5,0,0,0,5,0,3,5,0,26,9,15,8,0,0,0,6,0,0,46,81,46,69,4,45,29,23,34,3,333,14,26,14,0,8,3,4,0,3,82,94,17,277,8,75,14,21,60,3,569,35,18,17,0,27,35,22,6,0,164,95,20,26,3,31,248,26,55,0,512,56,5,27,74,6,48,9,71,0,293,31,14,11,4,42,4,76,12,4,202,11,18,9,0,14,12,0,0,0,57,27,57,0,3,98,3,0,0,6,195,17,7,0,0,14,27,0,0,0,67,56,244,37,6,80,9,0,3,3,427,22,18,25,13,30,3,10,50,4,175,71,134,29,102,116,3,3,7,7,475,49,397,11,104,63,0,0,4,4,637,51,358,29,261,157,0,3,19,9,887,10,20,5,28,6,3,0,4,0,76,25,26,95,31,38,0,0,22,0,242,35,28,27,6,35,8,22,13,35,206
402051052,15,3,5,0,6,0,7,16,0,43,4,10,10,0,6,0,14,9,0,50,69,59,141,10,57,29,76,108,7,548,11,19,21,0,28,7,21,5,0,101,71,33,326,0,70,14,53,115,19,698,31,18,23,3,34,32,37,17,6,202,103,32,54,9,39,427,54,96,4,804,62,5,82,91,10,69,15,141,4,479,25,10,24,4,90,11,240,11,6,422,13,31,13,0,21,13,0,0,5,94,10,64,3,0,106,11,0,3,0,197,10,3,0,3,21,33,3,0,0,85,43,223,68,6,98,5,4,10,0,469,18,42,25,33,70,9,11,171,0,382,52,140,38,139,133,0,11,10,7,538,39,373,33,160,70,0,0,3,4,691,53,375,48,628,203,3,10,59,7,1387,15,15,5,27,12,0,0,0,0,79,19,39,153,58,30,5,6,40,0,346,18,24,43,16,24,9,32,34,59,256
402051053,12,5,5,0,7,0,4,15,0,51,8,12,18,0,14,0,7,3,0,61,116,92,184,4,87,46,75,85,12,701,21,25,28,0,25,7,21,9,0,130,103,34,470,11,95,17,63,125,16,933,48,28,41,0,53,46,39,12,4,262,149,39,55,6,60,509,63,124,7,1009,65,3,47,115,11,84,7,117,5,460,52,15,20,8,116,11,189,13,5,434,15,43,30,0,19,14,0,0,0,126,33,68,8,0,189,8,0,0,4,311,10,8,4,3,25,46,3,11,0,114,68,259,65,4,112,5,0,0,9,530,28,32,35,29,62,5,13,125,4,318,108,187,72,214,228,6,8,21,12,851,74,508,33,247,110,0,5,15,12,1007,94,474,48,591,273,8,5,73,18,1593,20,16,4,42,11,5,0,8,5,112,33,45,185,47,50,5,8,30,3,413,25,32,46,13,32,15,28,31,57,281
402051054,9,0,11,0,9,3,6,10,0,44,6,8,27,0,3,0,18,3,0,77,110,62,184,7,69,44,66,61,11,609,16,15,35,0,24,0,24,8,6,134,89,22,573,7,94,17,85,170,9,1059,38,26,35,0,42,46,36,15,0,232,114,28,53,6,51,439,41,94,5,829,77,8,53,109,17,58,5,104,3,431,30,13,24,8,77,4,151,28,6,339,19,29,20,0,12,6,0,3,3,87,23,54,7,0,118,5,0,0,0,210,21,5,13,0,37,30,3,4,0,120,48,209,72,3,91,9,3,5,3,438,22,22,41,30,61,11,15,92,8,301,87,165,65,167,169,4,12,16,8,693,56,476,26,215,83,0,0,6,5,879,82,424,48,413,211,3,13,52,9,1257,20,19,21,32,11,6,0,4,0,125,33,27,153,70,30,9,6,27,4,366,25,28,47,3,35,15,28,11,49,235
402051055,8,9,8,0,5,0,0,5,0,30,0,12,19,0,7,0,15,0,0,49,74,45,144,4,53,26,42,61,3,447,19,14,24,0,23,3,7,0,3,97,53,19,334,0,49,7,41,93,10,609,26,18,18,0,21,24,26,8,0,155,82,19,39,10,38,361,29,74,8,648,56,4,47,88,6,52,11,75,5,349,18,10,21,7,48,10,126,18,4,255,9,22,14,0,10,3,0,6,3,71,19,46,4,0,109,10,0,0,0,188,13,7,4,0,20,38,7,0,0,84,37,181,54,0,76,8,3,3,0,362,19,28,22,19,43,0,5,84,6,231,70,129,44,106,145,0,9,15,8,526,41,356,20,137,65,0,0,9,6,633,59,370,36,323,174,4,8,42,4,1021,15,17,5,34,3,8,0,5,0,85,33,28,127,39,30,8,3,21,4,288,23,22,38,8,25,12,10,11,40,188
403011056,9,9,4,0,0,3,0,8,0,27,24,16,16,0,14,0,14,4,5,95,86,56,72,8,35,32,18,26,0,337,21,17,21,0,20,4,9,7,0,96,99,35,298,4,54,19,19,60,8,581,41,23,8,0,10,25,13,6,0,134,93,32,32,0,41,306,17,75,5,596,61,5,46,165,16,56,11,91,3,454,31,21,13,18,45,14,62,9,8,224,19,32,8,0,20,5,0,3,0,85,49,94,0,0,103,8,0,0,3,265,17,11,3,3,15,52,3,3,0,109,102,360,46,0,83,6,0,5,9,608,27,37,20,18,38,5,0,57,3,204,108,145,26,153,120,0,5,0,8,575,78,555,19,132,78,0,0,0,6,874,86,608,27,308,182,5,7,38,12,1268,25,29,12,44,10,15,0,4,5,140,30,33,82,57,21,11,0,13,0,254,54,34,13,8,25,13,7,17,41,211
403011057,21,7,6,0,11,0,8,4,0,54,23,44,36,0,9,0,27,4,3,147,139,83,83,9,51,56,32,32,3,496,44,31,22,0,23,10,8,3,5,130,171,43,378,0,74,15,33,90,15,831,83,36,5,0,35,48,19,5,0,232,199,44,33,11,63,437,33,98,0,907,151,13,82,261,23,78,15,121,4,760,62,37,21,29,83,13,117,15,4,380,15,53,18,0,15,6,0,0,0,108,82,149,7,3,194,16,0,0,9,462,39,34,6,0,42,112,0,4,4,243,154,549,66,6,138,9,4,5,5,931,54,75,21,51,60,3,5,96,3,357,143,206,23,175,184,3,5,14,15,752,111,594,21,177,97,0,6,7,5,1014,120,810,43,448,231,15,6,37,19,1730,52,53,19,72,23,11,0,9,6,246,39,39,132,94,32,14,6,17,4,371,51,43,26,14,34,14,16,17,47,276
403021058,10,0,0,0,4,0,9,7,3,41,16,15,18,0,3,0,13,8,0,74,65,56,95,4,36,20,47,60,0,388,14,35,21,0,13,6,9,8,0,108,55,31,270,8,48,8,16,76,3,505,17,31,10,0,25,37,19,5,0,148,97,30,31,11,36,407,27,71,6,715,112,16,118,150,19,57,8,99,11,577,26,17,5,9,55,10,139,6,8,278,6,41,11,0,18,10,0,0,4,96,15,79,5,0,155,12,0,0,3,262,12,6,5,4,23,37,0,3,3,94,55,349,60,0,88,0,5,4,4,570,27,32,25,40,29,7,9,152,5,332,55,140,27,112,137,0,4,11,13,501,48,388,25,93,78,4,4,9,3,657,76,642,49,626,155,8,17,66,21,1649,19,22,13,35,10,12,0,3,4,117,25,40,94,60,34,8,7,26,0,290,19,36,31,14,11,9,10,22,49,199
403021059,6,3,5,0,5,0,0,0,0,23,10,18,22,0,9,0,21,4,0,81,57,57,110,3,34,27,43,34,6,376,17,25,30,0,19,0,11,3,4,105,82,26,346,0,69,8,25,71,11,642,30,21,14,0,25,29,12,3,0,122,104,22,38,7,34,329,22,70,4,632,65,0,37,97,12,71,5,102,3,389,27,15,13,17,57,15,104,13,0,262,12,25,11,0,9,6,0,0,0,69,37,82,6,0,156,11,0,0,4,299,15,6,9,0,17,25,0,3,5,82,45,223,56,0,85,0,0,4,0,423,16,27,30,27,35,5,8,82,0,227,48,127,36,129,126,6,5,10,11,501,68,395,27,129,77,0,0,7,7,704,74,421,38,392,213,9,11,36,10,1200,16,12,7,28,5,3,0,4,0,76,30,21,119,48,30,6,0,12,0,276,36,22,26,14,21,10,9,12,33,187
403021060,8,3,4,0,0,0,0,12,0,33,8,8,12,0,0,0,11,0,4,43,52,25,59,3,27,29,31,29,4,252,8,13,11,0,14,3,7,4,0,59,115,20,307,0,44,4,25,47,8,580,33,13,4,0,9,24,11,5,3,95,92,29,24,0,20,222,17,33,0,435,55,0,36,75,9,42,11,55,0,289,20,12,13,7,28,10,50,7,0,147,7,20,8,0,10,10,0,0,0,60,20,57,0,0,80,8,0,0,0,170,10,4,5,0,6,33,0,0,3,66,54,205,29,0,62,3,0,0,3,359,14,14,23,22,22,0,3,47,4,145,63,75,23,98,86,4,0,9,0,353,42,335,12,61,45,0,0,0,4,505,50,405,29,241,138,0,10,24,7,905,14,23,7,30,5,6,0,3,5,86,21,21,67,41,17,6,0,13,4,188,18,11,15,4,10,14,11,4,30,123
403021061,9,4,3,0,6,0,0,10,0,30,3,15,25,0,4,0,11,5,0,57,50,38,104,4,26,30,48,70,7,389,8,23,12,0,20,0,9,8,0,87,50,18,242,4,37,8,23,66,8,467,26,27,14,4,19,27,24,8,0,145,101,55,50,6,33,411,23,82,5,774,75,3,104,160,18,62,18,134,8,583,21,25,7,16,51,9,136,14,8,295,12,36,20,0,16,9,4,5,3,92,23,73,0,0,145,4,0,0,4,256,12,11,3,0,7,24,0,7,0,70,49,314,62,3,79,5,0,3,7,515,24,44,16,48,47,0,6,152,0,333,36,134,20,115,133,0,3,11,3,462,47,399,17,140,82,0,0,5,6,702,65,701,58,698,169,7,10,91,20,1812,13,12,16,50,5,5,0,11,0,114,28,27,86,57,31,9,6,23,5,265,15,32,20,30,19,11,17,23,57,231
403021062,11,11,3,0,3,0,4,13,0,42,9,22,29,0,9,0,17,0,0,96,63,50,98,8,34,40,34,50,0,373,25,25,25,0,31,4,10,7,0,123,94,27,356,6,60,7,30,78,11,659,44,34,18,0,23,34,31,10,0,198,106,35,42,4,41,393,27,79,3,722,91,11,83,185,18,53,13,106,3,558,30,26,21,16,62,17,122,11,7,302,11,30,17,0,12,27,0,3,0,96,43,121,3,4,187,9,0,0,4,372,15,16,3,0,18,52,3,8,0,114,77,351,56,0,97,5,0,5,10,607,41,30,28,44,41,3,4,114,0,307,69,174,31,145,160,4,0,8,3,601,81,482,21,141,88,0,5,4,6,828,66,651,50,508,221,9,9,57,15,1589,34,20,28,59,12,6,0,14,5,183,41,30,105,60,30,8,6,24,0,303,28,35,16,17,24,16,17,24,62,250
403021063,5,0,4,0,4,4,0,6,0,23,3,3,31,0,0,0,24,4,0,70,60,31,89,5,39,22,41,28,8,330,13,18,19,0,13,0,10,3,5,85,64,11,313,4,57,7,37,96,12,598,20,14,15,3,19,28,14,0,3,114,79,27,27,7,25,296,19,66,4,554,49,7,39,86,19,51,10,83,0,336,14,14,5,8,56,12,95,9,3,216,10,16,13,0,10,8,0,3,0,56,25,61,0,0,130,9,0,0,0,227,9,3,3,0,16,21,0,0,0,59,35,139,45,3,63,11,6,4,6,296,8,27,31,22,33,4,3,87,7,214,39,86,34,112,123,3,11,16,10,424,37,273,19,97,65,0,0,4,3,501,48,336,45,378,182,14,10,30,9,1041,11,11,9,14,9,3,0,10,0,59,18,19,106,39,23,4,0,14,6,229,13,9,15,16,16,6,13,12,20,119
403021064,7,0,7,0,6,0,5,13,0,34,5,17,23,0,5,0,19,10,0,77,53,43,91,15,41,31,38,52,4,362,18,23,24,0,19,4,4,8,0,98,70,33,347,6,54,11,26,83,5,641,28,21,12,7,28,31,24,9,0,159,92,42,41,5,45,408,24,72,10,734,80,4,73,184,13,64,11,115,7,543,28,26,16,24,59,13,92,11,4,268,14,30,10,0,16,12,0,0,4,81,42,99,9,0,173,11,0,0,5,344,16,9,0,0,16,33,0,7,0,91,64,318,51,3,86,8,0,8,3,545,23,44,22,45,37,5,6,122,0,300,67,153,28,128,140,0,4,10,7,535,67,494,21,132,75,0,0,5,8,792,60,657,58,581,203,12,5,56,17,1653,27,16,11,54,12,12,0,0,4,135,36,19,109,70,28,10,0,30,0,302,28,33,27,15,27,12,16,28,51,225
403031065,7,4,0,0,0,0,0,9,0,22,8,6,7,0,0,0,3,0,0,23,39,24,23,5,14,8,6,3,0,118,12,12,6,0,7,0,3,0,0,33,46,17,74,0,19,0,5,14,3,171,10,10,4,0,4,3,5,0,0,33,30,10,3,0,8,105,3,14,0,184,28,0,12,45,0,24,5,32,0,148,11,7,10,4,7,0,13,7,0,50,15,18,7,0,0,0,0,0,0,43,14,34,0,0,27,0,0,0,0,75,3,4,0,0,3,17,0,0,4,31,53,167,19,3,32,5,0,0,0,280,7,15,12,5,10,0,3,16,0,65,36,76,3,49,42,0,0,0,0,210,37,236,6,45,28,0,0,3,0,352,36,255,8,74,40,0,0,3,0,418,9,14,0,19,7,0,0,0,0,51,12,13,25,20,9,0,0,4,0,78,10,16,6,0,3,0,0,4,9,58
403031066,14,0,0,0,3,0,0,13,0,35,9,10,3,0,5,0,3,0,0,36,34,19,34,6,17,21,15,17,0,159,11,9,5,0,7,0,0,0,0,31,38,21,120,0,15,0,4,40,9,258,0,17,4,0,7,6,12,0,0,57,44,10,17,3,6,171,7,34,0,294,37,3,37,96,10,28,11,69,0,290,10,4,5,7,20,4,40,0,0,96,9,23,10,0,6,4,0,0,0,47,15,30,0,0,42,8,0,0,0,92,12,3,4,0,7,13,0,0,0,38,36,168,35,0,41,3,0,0,3,283,9,14,10,23,20,0,3,52,0,139,36,66,13,53,51,0,0,6,4,229,36,302,11,61,51,5,3,7,0,471,39,345,21,244,86,3,9,27,0,771,9,19,4,17,9,3,0,0,4,66,22,19,38,26,10,6,0,7,3,134,13,19,14,3,11,10,0,8,22,99
403031067,6,3,0,0,0,4,0,9,0,36,10,34,5,0,8,0,11,0,0,76,68,63,64,8,29,32,12,21,3,306,30,21,21,0,7,0,7,7,0,91,92,26,248,4,43,4,15,55,9,499,43,20,9,0,16,25,6,10,0,126,78,30,31,6,35,277,10,69,6,529,36,8,25,97,4,55,8,68,0,305,21,20,13,6,21,10,39,8,0,143,14,48,16,0,6,6,0,0,0,84,51,87,0,0,74,9,0,0,0,226,22,10,3,0,13,32,0,3,5,92,137,385,57,0,105,7,0,0,7,699,19,43,35,15,27,0,0,52,0,182,112,185,18,118,117,5,6,6,8,586,76,636,18,100,78,0,0,9,10,926,102,672,29,260,132,8,0,25,18,1242,24,30,10,46,5,3,0,5,0,118,28,37,85,44,29,6,3,14,0,236,33,31,18,4,26,12,8,9,16,151
403031068,16,4,3,0,3,0,3,10,0,41,13,40,11,0,7,0,12,0,0,94,107,66,55,7,46,33,25,39,6,386,36,23,23,0,16,0,5,5,4,109,112,35,292,5,60,14,12,73,7,607,43,37,12,0,28,20,20,6,0,163,140,45,34,9,21,367,25,74,0,725,72,0,67,156,14,87,6,140,3,544,44,19,17,8,45,14,76,6,0,235,18,40,19,0,20,14,0,0,4,112,65,116,0,0,109,8,0,0,7,311,21,14,6,4,23,52,0,3,0,133,123,538,52,0,106,7,0,9,8,842,39,39,28,18,30,3,0,103,4,272,129,219,25,131,146,6,3,13,10,677,95,584,24,128,71,3,3,8,3,922,99,783,40,402,191,4,8,42,14,1580,29,39,10,45,15,3,3,11,0,155,45,40,113,52,36,7,0,10,5,301,44,37,20,5,23,11,10,13,39,202
403031069,33,9,6,0,4,4,0,15,0,61,30,40,12,0,0,0,6,4,0,92,135,84,43,9,32,37,9,26,3,381,32,41,14,0,17,4,6,0,3,111,132,38,180,5,57,3,8,31,6,462,76,43,5,0,24,39,12,10,0,207,127,47,20,3,35,353,13,57,3,657,98,4,33,184,20,59,0,86,3,486,32,24,8,3,20,3,41,8,0,152,24,47,21,0,16,7,0,5,0,114,58,151,6,0,102,8,0,0,3,330,24,17,3,0,26,71,5,4,0,146,176,712,43,0,126,8,0,3,12,1082,50,27,22,25,32,3,0,75,0,238,111,225,15,70,136,4,0,3,9,578,119,617,15,136,78,3,0,3,0,971,123,964,51,248,214,7,3,39,15,1653,36,32,12,59,8,6,0,0,0,153,38,49,60,36,36,7,0,22,6,254,39,56,19,7,27,10,8,11,39,209
403031070,4,3,0,0,4,0,0,9,0,21,9,9,8,0,3,0,11,0,0,35,47,27,51,0,23,14,21,19,0,203,14,11,9,0,5,3,8,3,0,58,42,15,150,0,32,4,8,46,6,303,12,5,10,0,11,10,3,0,0,59,61,16,22,0,16,194,11,33,0,356,47,5,38,60,7,35,6,65,0,264,11,10,8,5,22,8,86,9,3,155,13,20,12,0,5,3,0,0,0,53,32,64,0,0,73,4,0,0,0,175,6,7,6,0,6,19,0,0,0,45,43,211,18,0,37,0,0,0,4,324,15,20,11,18,19,3,0,52,0,149,43,91,19,46,63,5,0,4,0,267,32,258,17,45,33,0,0,0,0,384,50,384,20,259,80,0,3,39,6,842,13,12,3,18,5,3,0,0,0,53,22,25,61,29,15,9,0,17,0,180,22,17,8,15,14,0,3,11,17,98
403041071,10,0,3,0,0,0,3,8,0,34,10,8,21,0,0,0,8,0,3,56,82,40,88,10,37,31,27,45,7,363,23,19,24,0,13,0,12,7,4,106,66,16,304,0,51,3,31,65,6,556,40,25,16,0,30,31,21,7,0,177,96,22,38,0,32,314,17,70,7,586,38,5,23,86,3,52,11,87,0,310,25,9,10,12,48,7,79,8,6,209,8,25,13,3,8,17,0,0,0,71,31,69,0,0,119,7,0,0,3,231,12,0,5,0,14,19,6,5,0,59,36,198,65,0,74,0,3,3,5,385,16,17,28,12,29,3,3,86,5,199,43,110,20,123,97,0,3,3,8,418,60,369,25,116,80,7,0,3,0,657,66,442,41,380,198,4,8,35,8,1177,4,16,11,23,11,6,0,6,5,74,29,28,115,41,38,3,0,13,3,268,25,25,16,8,23,7,7,16,27,153
403041072,53,6,11,0,4,3,11,48,4,139,5,5,25,7,5,0,60,10,5,113,103,43,125,6,53,31,50,124,7,543,13,9,27,0,16,6,19,11,4,101,66,18,495,5,72,9,71,139,19,889,18,10,21,0,19,29,18,12,0,125,102,19,37,11,35,444,17,83,0,744,68,4,73,146,10,72,16,149,6,527,15,10,6,4,32,7,96,12,3,190,7,17,18,0,13,0,0,3,0,57,19,25,4,4,74,8,0,0,0,140,13,10,3,4,17,35,0,4,0,83,25,129,46,0,70,8,0,10,5,289,21,24,54,27,44,6,6,162,4,351,42,62,25,104,94,7,9,27,9,373,33,298,10,142,56,0,0,10,3,554,51,344,40,531,166,3,8,54,3,1211,8,31,13,12,6,0,0,10,6,82,19,26,158,56,28,11,3,24,0,328,33,26,40,13,30,6,18,38,44,248
403041073,0,0,6,0,0,0,5,5,0,19,0,0,10,0,0,0,11,3,0,28,27,7,83,7,23,17,52,46,0,262,0,3,14,0,6,4,12,3,0,39,30,5,175,0,22,3,33,83,0,357,14,4,9,0,10,17,16,0,4,66,57,4,15,8,15,270,23,65,5,463,34,0,20,58,8,41,0,44,0,212,6,3,8,6,28,10,61,8,0,134,6,10,5,0,7,0,0,0,3,38,3,25,0,3,44,6,0,0,0,83,0,0,0,0,15,10,0,0,0,32,10,50,32,0,22,6,0,9,0,129,7,17,14,13,36,4,4,93,3,195,15,31,21,64,59,0,5,14,3,205,11,94,14,72,20,0,0,5,5,211,24,160,23,321,83,12,3,35,4,667,6,11,6,12,3,3,0,0,0,41,25,7,97,23,12,8,0,18,3,186,12,3,21,5,15,11,20,25,28,133
403041074,8,3,6,0,0,0,3,7,0,30,3,7,18,0,6,0,20,9,0,56,48,24,109,9,29,27,47,51,3,348,6,9,17,0,13,0,18,7,0,74,57,12,325,0,32,5,44,126,8,598,12,7,6,0,12,9,17,3,5,70,72,9,39,6,23,307,22,54,0,525,49,4,43,82,9,38,11,97,0,329,21,4,8,9,33,10,78,8,0,167,8,9,10,0,6,0,0,0,0,42,15,45,5,0,58,8,4,0,0,134,6,5,0,0,4,24,0,5,0,52,16,103,32,0,51,4,3,0,0,210,10,16,26,24,54,3,6,109,4,260,22,75,29,94,88,3,6,19,3,342,28,220,8,114,34,0,0,5,4,417,34,254,31,398,124,4,9,40,7,898,17,12,5,20,4,0,0,0,0,67,14,18,99,33,15,4,4,19,3,206,16,17,37,15,7,8,18,19,39,181
403041075,36,3,7,0,6,0,0,21,0,76,5,3,3,0,0,0,0,0,0,15,25,16,23,0,19,4,3,7,0,100,7,6,3,0,7,0,0,0,0,20,21,4,99,3,12,3,10,18,0,174,9,7,0,0,3,7,9,5,0,40,24,4,10,0,4,69,8,7,0,132,16,0,8,21,0,11,0,3,0,63,7,0,4,0,7,0,11,0,0,30,0,3,4,0,0,0,0,0,0,11,5,10,0,0,16,3,0,0,0,28,3,3,0,0,0,3,0,0,0,20,15,42,17,0,29,0,0,0,3,108,4,0,4,3,8,0,0,13,0,48,6,26,7,16,19,0,0,0,6,79,12,96,5,25,14,0,0,0,0,150,21,97,10,52,40,6,0,4,0,233,0,0,5,13,5,0,0,4,0,30,8,8,22,8,11,0,0,4,0,57,11,11,6,4,16,3,6,4,16,65
403041076,3,0,4,0,5,0,0,3,0,19,5,4,3,0,3,0,6,0,0,24,37,21,30,5,18,9,3,9,0,126,7,4,13,0,5,3,0,0,0,33,38,6,115,0,25,0,4,18,3,208,16,7,6,0,5,4,6,0,0,49,27,7,10,0,11,101,3,26,0,187,18,0,13,41,0,26,3,36,0,136,6,12,4,0,12,3,14,0,0,50,8,9,5,0,3,0,0,0,0,32,13,18,0,0,29,4,0,0,0,62,0,0,0,0,8,8,0,0,0,16,22,113,12,0,31,4,0,3,5,185,6,13,8,6,16,4,4,19,0,74,34,73,13,55,42,0,0,3,5,223,29,209,5,48,28,0,0,3,0,331,26,235,12,110,53,0,3,10,0,450,8,6,4,15,4,0,0,0,0,39,14,20,37,22,12,0,0,0,0,105,9,4,6,3,8,6,0,5,16,57
403041077,7,0,4,0,7,0,0,5,4,25,9,8,22,0,10,0,10,0,0,63,83,44,69,7,34,17,26,27,3,318,17,24,12,0,16,0,4,0,0,75,69,18,235,7,39,8,27,62,6,470,29,23,7,0,21,21,5,7,0,116,108,21,33,8,25,298,14,51,3,565,53,8,25,73,12,50,11,78,3,311,26,8,12,4,27,7,85,6,4,183,9,21,17,0,5,3,0,6,0,59,31,60,0,0,112,8,0,0,6,220,13,8,4,3,17,28,0,11,0,82,64,188,46,0,76,0,0,0,8,386,18,27,27,14,31,3,0,56,6,179,54,107,26,113,75,0,0,8,3,395,56,385,15,118,62,0,0,0,0,651,73,465,24,314,145,4,6,29,5,1071,14,13,8,33,10,9,0,3,0,88,31,31,98,35,22,3,5,15,3,239,28,14,21,14,25,4,9,11,19,156
403041078,11,0,3,0,6,0,0,9,0,22,0,0,7,0,0,0,16,0,0,27,38,16,76,3,28,7,31,41,5,250,4,6,13,0,9,0,10,0,0,48,24,9,205,0,26,5,28,72,0,367,9,7,9,0,17,8,20,6,0,81,51,11,20,4,24,214,8,44,0,382,21,0,14,46,8,25,0,45,0,164,14,5,8,0,29,7,60,3,0,122,3,13,13,0,7,3,0,0,0,33,4,19,3,0,58,4,0,0,0,87,0,3,0,0,8,14,0,0,0,32,14,43,31,0,35,6,0,0,0,129,11,7,18,14,22,5,3,58,3,146,19,21,23,55,44,7,3,7,3,177,14,82,3,69,24,0,0,5,0,197,25,140,24,265,84,0,6,28,0,576,9,7,0,14,0,0,0,0,0,42,12,11,90,16,11,3,0,12,5,165,8,7,15,4,13,6,20,12,26,100
403041079,0,0,3,0,0,3,0,9,0,12,0,0,10,0,0,0,8,3,0,25,26,8,76,4,14,7,57,52,4,261,7,3,7,0,7,0,7,5,0,31,24,5,137,0,29,0,37,81,8,324,3,0,15,0,10,17,22,4,0,67,56,5,24,8,25,207,19,48,4,391,24,0,25,37,5,33,3,44,0,165,9,4,5,13,33,3,62,8,0,132,3,6,9,0,12,0,0,0,0,31,7,14,0,0,43,6,4,0,0,71,8,0,4,0,3,6,0,4,0,23,6,33,21,0,21,0,0,3,0,83,4,10,21,8,17,0,9,97,0,168,8,19,6,55,36,0,8,17,4,157,11,69,9,52,13,0,4,5,0,160,14,102,24,318,73,4,7,35,5,575,4,3,4,8,9,0,0,5,4,36,7,0,78,21,14,0,5,17,0,143,3,6,13,9,14,3,12,21,29,118
403041080,5,3,7,0,4,3,0,8,0,31,8,5,29,0,3,0,21,4,0,73,88,45,137,7,45,39,48,50,4,466,8,10,34,0,14,4,9,3,4,85,72,12,419,0,63,12,46,86,12,723,29,14,16,0,25,34,16,9,0,147,88,14,52,9,54,371,28,71,6,690,51,5,31,75,11,62,7,122,0,370,23,13,7,5,60,11,85,13,0,222,19,14,9,0,19,9,0,0,0,72,29,71,7,0,126,8,0,0,6,251,17,6,8,4,17,24,6,7,3,95,43,193,70,0,76,6,3,3,3,397,27,20,41,23,52,0,8,98,0,271,43,99,33,122,140,0,5,15,3,472,59,383,15,139,79,0,0,7,4,689,68,423,47,415,216,10,15,56,13,1263,20,14,14,27,16,5,0,0,3,100,33,24,142,46,43,7,3,21,5,324,26,29,29,7,27,20,14,8,50,213
403041081,0,0,0,0,0,0,0,0,0,0,0,0,0,0,0,0,0,0,0,0,0,0,0,0,0,0,0,0,0,0,0,0,0,0,0,0,0,0,0,0,0,0,0,0,0,0,0,0,0,0,0,0,0,0,0,0,0,0,0,0,0,0,0,0,0,0,0,0,0,0,0,0,0,0,0,0,0,0,0,0,0,0,0,0,0,0,0,0,0,0,0,0,0,0,0,0,0,0,0,0,0,0,0,0,0,0,0,0,0,0,0,0,0,0,0,0,0,0,0,0,0,0,0,0,0,0,0,0,0,0,0,0,0,0,0,0,0,0,0,0,0,0,0,0,0,0,0,0,0,0,0,0,0,0,0,0,0,0,0,0,0,0,0,0,0,0,0,0,0,0,0,0,0,0,0,0,0,0,0,0,0,0,0,0,0,0,0,0,0,0,0,0,0,0,0,0,0,0,0,0
403041082,0,0,0,0,0,0,0,0,0,0,0,0,0,0,0,0,0,0,0,0,0,0,5,0,0,0,0,0,0,4,0,0,0,0,0,0,0,0,0,0,0,0,0,0,0,0,0,0,0,3,0,0,0,0,0,0,0,0,0,0,0,0,0,0,0,0,0,0,0,0,0,0,0,0,0,0,0,0,0,0,0,0,0,0,0,0,3,0,0,3,0,0,0,0,0,0,0,0,0,0,0,0,0,0,0,0,0,0,0,0,0,0,0,0,0,0,0,0,0,0,0,0,0,0,0,0,0,0,0,0,0,0,0,0,0,0,0,0,0,0,0,0,0,0,0,0,0,0,0,0,0,0,0,0,0,0,0,0,0,0,0,0,0,0,0,0,0,0,0,0,0,0,0,0,0,0,0,0,0,0,0,0,0,0,0,0,0,0,0,0,0,0,0,0,0,0,0,0,0,0
403041083,118,9,6,0,18,6,6,46,0,203,4,3,7,0,0,0,14,4,4,36,100,62,58,16,26,29,21,71,10,382,9,7,12,0,6,0,11,0,0,49,52,11,221,0,32,6,33,51,10,410,26,8,0,0,12,10,11,0,0,74,56,9,25,11,17,175,9,25,0,329,50,3,24,73,5,20,0,64,0,244,15,6,6,6,23,7,39,0,5,102,8,12,5,0,6,0,0,0,0,29,12,24,0,0,55,5,0,0,0,101,12,3,0,0,14,20,0,3,6,51,24,83,28,0,44,3,5,0,0,187,12,17,18,13,10,7,5,37,0,115,27,48,17,66,47,0,6,9,4,220,17,175,10,64,36,0,0,0,0,309,35,189,22,150,91,0,6,11,3,510,9,11,0,8,4,0,0,6,0,44,12,3,63,22,19,6,0,12,0,135,8,4,9,8,14,7,0,13,18,88
403041084,3,0,0,0,6,0,3,15,0,26,4,0,15,0,0,0,23,4,0,52,47,20,152,3,39,21,69,79,5,434,12,7,27,0,13,4,13,6,0,82,52,18,370,5,55,5,64,103,14,688,27,13,17,0,17,24,31,8,0,138,100,19,45,4,41,445,36,98,8,803,60,0,48,95,8,63,0,86,0,356,22,8,16,14,55,10,134,16,0,263,4,17,12,0,13,9,0,0,3,60,23,36,3,5,111,9,0,3,0,192,8,4,0,0,14,13,0,4,0,44,12,79,37,5,53,0,0,0,0,195,12,24,36,29,53,6,6,167,0,336,25,73,28,108,119,0,8,18,8,378,29,158,17,139,51,0,4,10,4,398,53,229,48,563,201,3,13,65,20,1184,16,10,13,25,0,0,0,8,0,72,15,19,146,45,29,4,0,25,5,298,15,11,36,26,17,12,25,26,55,229
403041085,4,0,4,0,5,0,0,11,0,32,0,0,11,0,0,0,34,6,0,55,39,27,93,0,26,20,69,69,6,352,0,9,14,0,5,0,15,3,0,51,24,9,237,0,26,5,40,92,9,443,5,10,13,0,11,15,25,0,5,93,59,15,46,10,22,298,27,70,3,547,47,3,30,62,9,41,8,75,0,274,5,8,5,9,43,5,95,8,4,184,4,10,10,0,0,5,0,0,0,33,7,24,0,4,55,8,0,0,0,106,5,0,0,0,10,11,3,4,0,28,13,65,19,0,51,6,0,5,4,161,9,25,27,27,36,6,9,113,3,242,10,33,22,90,53,3,3,13,5,230,16,115,13,86,28,4,6,0,0,260,36,150,34,392,95,3,14,56,11,793,5,3,8,13,0,4,0,4,0,41,11,10,106,29,13,4,5,20,0,194,7,9,15,15,16,12,21,22,32,154
403041086,0,0,6,0,0,0,3,17,0,24,0,0,24,0,0,0,13,8,0,45,47,32,120,5,30,28,51,42,3,348,10,6,11,0,14,3,11,10,0,71,33,5,288,0,32,3,34,96,9,499,12,9,12,0,12,26,20,4,0,106,83,18,34,5,26,307,30,62,0,576,36,0,41,71,9,50,6,79,0,293,12,4,16,7,49,13,93,10,0,202,10,6,18,0,7,0,0,5,0,41,18,37,0,0,95,6,0,0,0,158,9,0,4,0,11,21,5,3,0,59,16,92,43,0,47,0,0,3,0,204,9,11,26,19,42,3,3,104,0,225,29,56,24,80,73,9,4,18,3,300,31,187,13,80,39,0,0,5,4,359,47,256,37,387,151,3,11,48,13,957,10,8,5,21,7,0,0,6,0,56,12,14,116,35,27,4,3,16,0,232,12,6,23,3,20,9,6,15,32,137
403041088,79,5,5,0,4,3,4,27,0,124,6,4,9,0,0,0,3,0,0,21,35,34,31,8,10,8,10,19,3,154,0,3,3,0,0,0,6,0,0,19,25,4,82,0,21,3,20,31,6,190,8,5,3,0,7,0,6,3,0,24,27,0,12,0,13,68,3,15,0,144,26,0,13,46,7,6,0,45,0,149,10,4,0,5,9,0,25,6,0,50,0,6,7,0,4,0,0,0,0,16,0,18,0,0,18,0,0,0,0,43,0,0,0,0,9,7,0,0,0,16,13,63,19,0,24,4,0,7,0,126,11,5,9,9,0,0,0,29,0,65,8,20,12,34,20,0,0,5,0,105,9,112,4,40,18,0,0,0,3,185,17,124,9,70,34,3,0,9,0,262,4,9,7,6,0,0,0,0,0,26,7,4,22,4,5,0,0,3,0,48,11,8,13,3,0,5,0,3,12,55
403041089,0,3,3,0,3,4,4,16,0,34,0,8,20,0,3,0,12,4,3,57,86,18,133,10,49,34,39,52,3,413,13,11,19,0,7,0,12,9,0,80,72,17,344,3,54,3,39,81,3,613,33,9,19,0,26,34,30,16,0,166,104,26,34,5,47,406,35,89,6,741,70,3,42,77,6,71,12,84,0,361,17,3,15,3,47,10,91,11,0,208,10,19,13,0,10,9,0,0,0,56,23,47,0,0,134,4,0,0,3,222,10,0,4,0,22,24,4,4,0,65,25,123,46,0,66,3,3,0,3,273,16,25,25,15,57,0,0,78,0,216,44,88,22,110,102,0,5,18,4,392,28,212,22,121,72,0,0,6,0,466,57,317,41,395,186,12,12,42,11,1066,12,4,3,31,3,3,0,0,0,73,13,18,149,30,35,9,3,20,0,287,14,9,22,4,29,5,13,10,23,145
403041177,12,0,9,0,0,0,3,17,0,48,8,4,29,3,4,0,36,8,3,98,67,25,134,8,31,25,45,60,11,398,17,11,25,0,13,7,14,14,0,104,74,14,466,3,66,11,62,126,16,828,24,12,26,0,17,17,26,3,4,120,133,15,39,3,32,405,22,74,3,728,58,3,49,102,10,58,13,119,0,409,17,13,11,26,42,10,89,17,4,228,10,21,13,0,14,0,0,0,5,58,22,54,6,0,115,15,0,0,0,221,11,0,4,0,15,37,0,5,0,71,34,147,43,3,69,6,3,3,4,318,21,34,38,36,61,6,3,114,4,318,44,118,45,100,104,8,5,17,16,463,30,293,22,133,45,0,0,7,0,533,57,297,48,506,194,9,12,54,4,1191,22,16,10,15,9,7,0,3,0,80,33,18,152,47,27,4,3,18,3,300,28,17,33,12,18,16,11,22,29,183
403041178,17,6,5,0,4,6,0,11,0,43,6,12,19,0,0,0,26,5,0,67,61,27,115,8,37,30,51,58,3,376,15,8,23,0,11,0,24,9,7,99,55,14,344,7,42,8,43,68,15,593,20,17,13,0,20,25,14,5,0,118,74,10,37,8,22,287,21,63,0,535,45,0,27,91,3,48,9,97,3,336,10,11,7,8,37,11,74,5,4,166,6,21,11,0,9,13,0,3,0,59,16,33,4,0,87,6,0,0,0,149,8,3,3,0,7,17,0,0,0,43,24,91,40,0,52,4,3,5,3,218,16,26,34,14,28,0,4,60,8,191,33,74,20,78,76,0,10,16,7,325,34,207,17,146,57,0,0,6,6,471,46,263,34,432,146,7,6,36,9,981,15,14,10,13,4,4,0,0,0,59,14,14,89,29,20,3,3,20,0,182,12,9,34,0,21,13,12,15,29,159
404011090,4,0,0,0,3,0,0,9,0,19,10,7,8,0,4,0,9,3,0,43,52,43,73,7,25,24,39,70,5,333,4,16,13,0,16,0,8,4,0,58,46,17,200,0,39,4,14,76,6,417,23,14,11,0,9,17,23,13,0,118,69,20,25,0,24,270,23,54,3,489,58,0,47,81,3,33,9,70,3,302,24,14,9,5,55,10,109,10,5,241,7,21,12,0,13,11,0,0,0,65,18,45,0,0,88,7,0,0,0,164,13,10,9,0,8,24,5,11,0,73,37,160,31,3,60,3,0,4,0,307,10,18,19,17,24,4,8,73,3,177,37,95,16,86,118,0,3,9,0,369,25,208,18,56,41,0,0,0,6,371,52,343,23,265,127,5,17,28,7,861,18,15,7,31,11,0,0,7,0,79,11,13,92,27,19,7,0,7,0,171,16,14,31,4,21,15,12,19,23,156
404011091,19,4,5,0,4,4,0,12,0,47,0,16,16,0,7,3,14,3,0,62,82,58,122,7,50,35,59,78,8,511,21,30,21,0,15,6,8,9,4,119,100,33,353,8,67,17,36,102,4,723,52,31,14,0,50,40,34,7,4,232,120,55,43,9,47,489,29,111,6,893,111,4,77,137,25,59,14,118,9,552,29,21,13,13,89,13,223,27,7,432,11,29,10,0,23,13,0,0,0,90,38,73,4,0,180,8,0,0,4,312,19,5,0,0,21,47,6,5,4,104,72,317,61,0,101,7,4,3,6,576,24,25,21,32,30,10,12,125,5,290,71,149,26,98,155,6,7,18,7,544,65,410,18,117,77,0,0,5,0,696,60,462,59,464,230,7,8,51,11,1345,20,27,11,42,11,8,0,5,0,121,35,34,151,55,51,7,4,17,4,362,26,42,17,20,36,23,31,24,55,277
404011092,22,0,5,0,3,4,3,9,3,51,27,23,6,0,9,0,15,3,0,77,115,80,92,8,66,36,34,42,4,480,21,26,22,0,26,4,6,3,0,106,147,34,333,4,77,17,35,75,15,747,46,23,22,0,34,40,21,5,5,204,132,31,36,5,32,397,33,81,0,752,91,9,48,176,17,66,3,89,0,499,66,51,16,26,55,17,113,22,3,369,14,31,10,0,12,12,4,4,0,100,55,126,9,0,138,9,0,0,9,344,22,18,0,0,27,71,3,4,0,154,107,369,53,4,120,3,0,5,11,666,38,27,19,23,44,5,4,60,0,222,105,153,23,121,164,0,3,5,4,583,83,479,16,100,77,0,0,6,4,764,71,528,38,306,191,4,8,31,8,1181,46,33,10,84,23,4,0,0,0,205,50,26,121,60,36,6,3,15,3,331,54,33,27,12,45,19,14,28,26,260
404011093,26,7,4,0,3,3,4,23,0,66,14,30,25,0,6,0,7,0,0,81,121,89,139,6,53,38,51,117,7,628,25,41,14,0,21,6,10,3,0,113,102,48,298,6,53,11,29,86,7,641,44,32,15,0,39,43,26,19,4,233,138,66,44,12,41,457,30,90,3,877,139,8,141,240,21,63,8,147,9,771,42,30,18,14,64,16,175,12,5,372,18,87,30,0,16,11,0,0,0,169,38,105,9,3,172,9,0,0,5,339,22,27,9,3,22,56,0,3,0,136,102,626,77,6,119,9,0,10,16,947,30,44,16,51,48,3,12,155,4,362,162,312,47,126,252,5,4,10,16,921,84,664,22,137,101,0,0,11,9,1032,109,811,70,398,226,8,8,40,4,1670,26,86,15,59,17,4,0,4,3,216,26,48,146,85,31,3,4,23,3,366,44,42,31,18,38,18,35,45,66,332
404011094,0,0,0,0,0,0,0,4,0,0,0,7,5,0,5,0,12,0,0,36,42,16,81,0,32,11,24,49,3,261,4,9,10,0,10,0,10,5,0,51,18,14,197,0,27,8,27,43,0,349,16,4,12,0,17,13,20,6,4,92,57,4,17,7,14,181,26,32,3,352,20,0,25,58,3,26,0,49,4,193,10,6,10,3,33,5,93,21,6,188,8,9,9,0,14,11,0,0,0,53,5,20,0,0,58,0,0,0,0,90,8,0,3,0,3,15,3,0,0,38,19,72,21,0,27,0,0,4,0,137,8,13,5,12,15,3,4,61,0,121,25,66,13,64,57,4,0,8,6,242,6,135,11,47,17,0,0,3,0,232,17,173,15,193,90,3,7,26,3,528,12,5,3,16,10,4,0,7,0,57,13,11,75,17,15,3,0,9,0,145,10,12,10,6,15,3,18,18,18,116
404011095,15,4,3,0,8,0,3,7,0,43,13,18,19,0,5,0,15,5,0,75,117,57,123,9,57,35,50,65,10,518,21,23,38,0,18,4,10,4,5,121,99,37,372,7,70,14,39,89,11,739,40,22,15,0,41,30,30,12,0,193,121,27,52,13,49,457,46,87,4,852,90,7,61,125,15,54,11,92,9,459,42,29,22,23,89,20,213,25,3,472,14,40,10,0,11,12,7,0,6,92,41,81,3,0,156,10,3,0,8,305,26,15,0,0,25,34,3,13,0,115,78,309,46,0,101,0,0,3,3,548,35,34,23,32,35,10,10,112,4,287,82,158,36,144,162,0,0,22,5,623,61,435,20,133,69,0,0,4,4,739,68,462,48,408,214,10,22,49,8,1286,35,30,12,80,11,11,4,9,0,179,35,25,182,79,43,5,0,23,6,398,34,32,34,11,25,21,32,24,58,276
404011096,22,3,5,0,5,4,5,8,0,48,14,10,14,0,8,0,9,4,0,64,146,56,114,9,67,36,38,36,7,502,21,17,19,0,12,3,15,5,0,100,117,28,293,6,89,13,39,80,6,664,57,21,14,0,40,36,25,7,0,201,112,35,20,3,42,333,18,62,4,637,83,3,33,105,14,32,5,79,0,354,49,31,17,11,84,13,113,30,5,347,10,25,15,0,12,9,0,0,0,76,30,73,0,4,106,8,0,0,0,221,20,14,3,0,24,74,0,8,4,149,91,251,50,0,113,8,5,5,7,525,25,31,19,17,43,3,5,62,4,210,97,154,17,115,128,3,6,3,3,531,67,394,14,119,63,0,0,7,8,665,58,366,31,256,157,7,11,32,10,925,26,23,7,48,17,0,0,3,3,130,30,25,116,55,35,4,0,16,3,288,35,32,21,0,37,20,10,22,48,241
404011097,23,5,0,0,0,5,3,27,4,77,7,18,16,0,8,0,9,5,0,58,80,83,199,5,51,35,102,178,12,744,19,29,19,0,29,5,19,9,8,128,100,40,331,4,65,9,45,125,12,730,37,29,21,3,36,27,49,32,3,228,133,54,41,7,44,519,48,105,3,955,125,5,123,219,17,81,15,173,6,772,44,22,20,17,95,10,250,19,3,484,14,37,22,0,26,20,0,6,0,119,32,80,0,0,153,10,0,4,0,289,14,15,5,3,22,44,0,10,0,116,44,326,61,4,88,7,3,9,9,549,25,34,26,45,51,3,11,191,7,396,79,192,49,141,172,0,8,13,11,666,64,456,39,136,72,5,3,12,6,782,51,551,59,564,195,9,14,55,13,1509,24,26,8,64,10,4,0,11,4,153,31,25,169,115,48,3,4,34,3,442,29,37,47,23,21,22,52,53,86,373
404021098,0,0,0,0,0,0,0,0,0,0,0,0,0,0,0,0,0,0,0,0,0,0,0,0,0,0,0,0,0,0,0,0,0,0,0,0,0,0,0,0,0,0,0,0,0,0,0,0,0,0,0,0,0,0,0,0,0,0,0,0,0,0,0,0,0,0,0,0,0,0,0,0,0,0,0,0,0,0,0,0,0,0,0,0,0,0,0,0,0,0,0,0,0,0,0,0,0,0,0,0,0,0,0,0,0,0,0,0,0,0,0,0,0,0,0,0,0,0,0,0,0,0,0,0,0,0,0,0,0,0,0,0,0,0,0,0,0,0,0,0,0,0,0,0,0,0,0,0,0,0,0,0,0,0,0,0,0,0,0,0,0,0,0,0,0,0,0,0,0,0,0,0,0,0,0,0,0,0,0,0,0,0,0,0,0,0,0,0,0,0,0,0,0,0,0,0,0,0,0,0
404021099,16,7,6,0,8,0,0,11,0,48,10,15,19,0,9,0,20,7,0,78,114,73,169,9,83,29,66,78,5,631,17,14,25,0,18,6,19,11,4,106,122,25,299,3,62,9,41,87,4,642,42,32,10,0,38,41,42,15,0,224,87,30,40,0,39,364,29,72,6,683,80,7,55,168,14,42,4,91,8,460,48,24,20,10,89,17,146,55,11,416,9,34,21,0,14,5,0,0,0,97,34,61,3,0,96,4,0,0,5,210,12,8,9,3,23,39,0,0,0,90,74,252,54,0,77,3,3,0,7,478,20,34,27,29,40,4,8,81,8,252,126,214,51,161,171,3,6,9,8,745,82,413,27,122,69,0,0,3,7,729,84,513,32,365,173,3,10,49,15,1241,25,37,18,40,18,9,0,10,4,153,31,28,113,53,35,10,0,13,0,278,28,25,31,7,30,22,26,24,41,236
404021100,10,0,7,0,0,0,4,6,0,31,3,7,21,0,5,0,28,8,0,73,80,77,197,6,88,24,80,73,3,626,15,14,34,0,23,4,14,7,6,116,55,11,279,3,52,7,49,93,10,561,43,20,20,0,37,38,58,15,0,234,67,20,39,5,46,340,29,72,3,621,50,0,34,154,15,36,11,95,3,405,50,20,36,12,102,18,175,63,7,473,9,15,9,0,14,10,0,8,0,60,25,34,0,0,74,5,0,0,3,146,26,0,6,0,20,24,0,4,0,80,40,128,62,0,78,0,6,10,6,335,14,29,36,27,37,3,13,107,4,270,67,117,62,180,152,0,13,25,5,622,45,292,19,110,57,0,0,4,3,528,64,292,43,346,176,4,11,58,0,1004,18,18,14,29,10,7,0,8,0,111,22,20,161,37,49,8,6,13,3,320,27,16,35,9,45,5,35,30,54,244
404021101,16,0,3,0,5,0,0,11,0,40,3,3,11,0,6,0,8,3,0,42,51,34,138,5,22,12,71,129,8,472,5,6,21,0,15,4,16,11,7,92,44,23,238,3,36,6,28,90,11,481,20,11,13,0,27,27,37,12,4,154,64,18,27,9,21,276,39,39,3,498,65,3,64,93,0,48,3,113,0,389,22,0,20,11,79,12,158,28,4,329,3,21,11,0,13,6,0,0,0,52,9,25,0,0,51,7,0,0,7,108,11,4,0,0,19,26,0,4,5,60,21,114,30,4,44,0,0,11,6,232,16,27,23,16,21,0,5,118,3,234,48,106,32,90,122,0,0,16,10,421,32,233,15,86,44,0,0,6,10,422,40,284,38,351,125,3,5,45,14,897,15,20,12,32,9,5,0,4,0,98,10,18,84,60,24,4,3,18,0,226,25,16,37,11,27,10,34,38,38,230
404021102,55,0,13,0,8,0,5,42,5,126,3,11,7,0,4,0,18,8,0,45,72,66,206,9,44,28,146,367,19,952,3,21,9,0,17,4,14,8,3,77,43,28,280,3,40,0,39,102,10,550,20,16,26,0,25,27,53,40,0,214,92,77,44,6,31,450,51,76,5,844,113,9,166,190,15,83,19,213,4,796,21,12,16,10,83,16,281,18,12,474,5,26,12,0,23,16,0,0,5,83,17,41,6,0,115,11,0,7,4,191,5,0,3,4,6,21,0,8,0,53,31,260,49,0,72,4,0,6,9,442,16,48,15,50,44,10,11,227,10,421,38,108,22,105,127,0,3,11,11,436,32,258,15,93,47,0,0,12,12,460,41,489,55,625,111,7,21,61,10,1422,9,17,13,28,9,5,0,8,0,86,25,15,135,185,33,9,9,57,8,479,38,27,51,38,21,17,56,81,98,433
404021103,0,0,0,0,0,0,0,0,0,0,0,0,0,0,0,0,0,0,0,0,0,0,0,0,0,0,0,0,0,0,0,0,0,0,0,0,0,0,0,0,0,0,0,0,0,0,0,0,0,0,0,0,0,0,0,0,0,0,0,0,0,0,0,0,0,0,0,0,0,0,0,0,0,0,0,0,0,0,0,0,0,0,0,0,0,0,0,0,0,0,0,0,0,0,0,0,0,0,0,0,0,0,0,0,0,0,0,0,0,0,0,0,0,0,0,0,0,0,0,0,0,0,0,0,0,0,0,0,0,0,0,0,0,0,0,0,0,0,0,0,0,0,0,0,0,0,0,0,0,0,0,0,0,0,0,0,0,0,0,0,0,0,0,0,0,0,0,0,0,0,0,0,0,0,0,0,0,0,0,0,0,0,0,0,0,0,0,0,0,0,0,0,0,0,0,0,0,0,0,0
404031104,0,0,0,0,0,0,0,0,0,0,0,0,0,0,0,0,0,0,0,0,0,0,0,0,0,0,0,0,0,0,0,0,0,0,0,0,0,0,0,0,0,0,0,0,0,0,0,0,0,0,0,0,0,0,0,0,0,0,0,0,0,0,0,0,0,0,0,0,0,0,0,0,0,0,0,0,0,0,0,0,0,0,0,0,0,0,0,0,0,0,0,0,0,0,0,0,0,0,0,0,0,0,0,0,0,0,0,0,0,0,0,0,0,0,0,0,0,0,0,0,0,0,0,0,0,0,0,0,0,0,0,0,0,0,0,0,0,0,0,0,0,0,0,0,0,0,0,0,0,0,0,0,0,0,0,0,0,0,0,0,0,0,0,0,0,0,0,0,0,0,0,0,0,0,0,0,0,0,0,0,0,0,0,0,0,0,0,0,0,0,0,0,0,0,0,0,0,0,0,0
404031105,3,0,0,0,5,0,0,0,0,9,0,3,4,0,0,0,4,0,0,23,20,13,12,4,5,3,9,7,5,75,6,11,4,0,7,0,4,0,0,23,24,3,70,0,18,0,7,14,4,147,12,6,3,0,0,4,8,0,0,31,18,11,9,0,4,87,6,14,0,138,9,0,0,42,0,10,0,21,0,87,14,4,7,0,9,0,17,5,0,47,5,7,0,0,0,0,0,0,0,11,7,16,0,0,36,3,0,0,0,60,4,4,0,0,4,7,0,0,0,21,11,67,18,0,18,3,0,0,0,117,3,0,0,0,11,0,4,13,0,34,21,27,4,24,24,0,0,5,0,109,19,87,3,30,11,0,0,3,0,147,14,90,7,59,44,5,0,10,4,229,7,3,3,8,3,0,0,0,0,34,5,9,18,8,8,5,0,0,0,52,10,3,3,0,6,3,0,0,8,38
404031106,13,4,0,0,3,5,3,4,0,37,14,17,11,0,3,0,15,7,0,68,68,56,89,3,57,25,38,66,6,398,22,19,8,0,19,5,9,3,0,87,98,33,242,6,48,7,13,74,4,534,42,31,10,0,25,24,27,3,0,176,109,35,36,4,45,347,35,64,0,690,74,13,89,131,12,37,7,104,0,467,34,23,12,14,73,9,147,21,6,340,11,33,7,0,26,7,0,3,0,92,30,81,3,0,142,10,0,0,4,269,18,7,0,4,21,48,5,6,7,119,66,294,38,0,104,7,0,4,6,531,22,27,14,33,31,8,4,105,4,244,72,139,33,106,149,0,0,6,6,514,49,407,17,91,57,3,0,6,7,639,72,430,57,407,156,15,7,44,6,1186,19,17,14,37,13,10,0,7,0,110,44,37,118,56,27,6,8,31,4,322,27,33,32,10,30,14,21,19,44,224
404031107,27,7,7,0,0,3,6,25,0,83,21,42,28,0,10,0,21,7,0,124,114,79,150,10,89,61,66,152,8,724,33,45,39,0,32,9,8,10,11,197,127,61,493,13,81,17,34,129,16,972,58,41,31,3,53,49,42,22,7,306,183,71,54,14,43,698,56,103,7,1237,182,14,243,382,20,121,17,279,7,1276,56,34,23,34,142,28,314,26,3,659,17,64,24,0,30,21,0,0,0,163,70,164,5,8,270,20,0,0,8,544,21,19,4,0,30,68,0,11,3,160,107,675,91,0,165,8,0,8,14,1074,50,80,42,75,77,6,7,270,6,625,114,265,57,215,277,4,7,9,11,957,86,724,43,205,128,4,0,12,10,1211,98,1043,85,1105,316,16,16,123,13,2814,48,45,27,95,21,5,0,16,3,267,39,50,174,97,67,6,10,53,3,506,40,59,50,32,38,18,39,33,75,388
404031108,6,7,8,0,6,4,7,13,0,44,8,41,14,0,3,0,16,4,0,83,67,70,105,3,35,28,39,98,8,462,16,23,25,0,27,7,4,8,0,113,69,48,293,9,54,11,30,95,13,613,45,25,21,5,30,30,38,13,0,195,114,47,53,13,46,500,46,64,3,885,132,12,155,279,13,72,10,168,6,837,24,16,12,20,100,12,190,9,3,390,15,55,28,0,17,15,4,0,3,134,28,106,9,0,173,8,0,0,5,328,28,21,3,0,27,38,0,4,3,128,92,546,60,6,100,9,3,4,7,821,39,39,21,33,41,9,0,162,6,342,114,223,36,97,195,6,4,16,13,696,58,515,27,126,62,5,0,7,4,798,76,732,52,491,184,9,8,56,11,1614,40,74,16,68,20,6,0,7,4,246,28,44,120,72,36,9,10,36,3,353,28,39,35,27,34,20,22,31,57,298
404031109,7,0,0,0,3,0,0,0,0,11,4,9,3,0,3,0,7,0,0,29,44,28,32,4,20,18,6,8,0,164,6,11,10,0,4,0,0,0,0,29,40,19,116,0,26,5,0,15,10,231,23,12,5,0,6,5,10,3,0,62,46,10,11,3,12,122,8,9,3,222,43,0,20,63,14,18,7,29,0,196,11,15,3,7,17,7,33,11,0,111,11,7,3,0,4,0,0,3,0,32,16,40,0,0,46,6,0,0,5,109,4,3,0,0,6,17,0,0,0,30,31,126,10,0,33,0,0,0,7,209,16,18,12,4,6,0,0,27,0,77,31,49,14,58,41,0,0,5,0,196,22,137,9,42,24,0,0,4,0,241,41,186,6,97,55,4,3,15,5,411,14,10,4,22,6,5,0,6,0,63,12,13,30,17,12,0,0,8,0,91,14,13,12,0,8,6,3,3,16,79
405011110,203,9,22,0,16,5,0,95,3,361,10,9,21,0,3,0,27,8,0,75,117,90,108,11,51,24,53,188,7,637,6,0,6,0,5,0,4,0,4,25,30,4,103,0,18,0,30,36,5,213,15,0,15,0,11,16,0,11,0,73,43,8,20,0,26,120,11,17,0,245,43,3,17,66,4,15,0,54,0,211,11,6,6,0,10,0,51,5,0,94,5,7,0,0,5,0,0,3,0,15,0,7,0,0,11,0,0,0,0,24,0,7,0,0,4,16,0,0,0,27,16,66,12,0,19,4,0,4,0,121,11,5,16,8,18,0,6,72,5,146,19,23,10,36,21,0,3,5,0,121,20,135,14,52,26,0,0,7,0,253,12,119,9,123,39,3,5,18,0,328,4,14,13,7,0,4,0,10,0,48,6,4,46,8,12,0,0,10,0,85,16,4,15,5,7,3,3,15,24,89
405011111,268,5,19,0,46,6,32,119,0,499,8,5,21,0,4,0,33,0,5,74,128,65,144,13,76,45,76,147,9,695,5,0,17,0,9,0,7,3,0,38,39,16,172,0,29,3,46,71,3,375,17,7,19,0,15,23,12,7,0,111,61,5,24,3,17,225,21,41,6,414,49,0,32,82,7,21,0,55,4,254,20,0,17,3,54,0,112,8,5,214,3,7,0,0,5,0,0,0,0,18,10,10,0,0,25,0,3,0,0,49,3,0,5,0,3,14,0,0,0,23,11,66,43,0,33,0,0,0,0,152,6,18,15,11,25,0,15,104,4,204,38,45,21,57,42,0,3,9,0,218,26,202,19,96,51,0,0,7,5,409,27,150,23,256,74,6,0,31,4,574,3,8,0,13,0,5,0,7,0,44,10,5,110,12,21,7,5,17,0,180,20,12,30,4,22,7,13,28,35,177
405011112,75,7,11,0,9,3,3,45,0,151,9,0,20,0,0,0,15,9,0,49,78,47,84,8,50,26,50,102,8,454,13,10,9,0,7,0,3,5,5,51,63,6,201,0,26,0,26,53,7,386,23,8,17,0,10,12,12,8,0,91,52,16,23,6,19,161,15,25,0,311,33,0,23,56,0,18,0,49,4,184,10,3,9,3,30,4,66,8,0,122,0,9,3,0,0,0,0,0,0,16,4,8,0,0,19,5,0,0,0,43,3,0,5,0,5,13,0,4,0,30,16,61,22,0,40,0,0,4,0,144,10,10,29,3,13,0,13,47,0,122,45,54,21,61,36,0,6,10,6,238,28,193,9,68,34,0,5,0,0,333,24,120,15,151,72,7,0,19,0,409,9,0,6,12,5,0,0,8,3,39,9,7,45,12,12,3,0,5,3,92,17,6,31,0,16,5,9,6,30,132
405011113,160,6,14,3,8,3,13,53,3,256,0,0,6,0,0,0,6,6,0,17,20,5,27,0,12,0,21,28,0,114,4,0,9,0,0,0,10,4,0,23,20,0,53,0,13,0,21,36,10,156,3,0,10,0,3,11,9,11,0,42,15,0,13,0,3,61,7,15,0,111,9,0,13,5,0,9,0,17,0,49,14,0,7,0,23,3,78,4,4,138,0,0,3,0,6,0,0,0,0,9,0,0,0,0,5,0,0,0,0,7,0,0,0,0,0,4,0,0,0,9,3,12,9,0,10,0,0,4,0,36,0,0,0,0,4,0,5,97,0,114,4,15,10,14,16,0,6,3,0,60,8,27,6,33,11,0,0,6,0,92,8,40,9,66,17,0,4,0,0,140,4,0,6,0,0,0,0,0,0,10,4,0,35,5,0,0,0,10,0,56,9,0,3,0,8,0,8,9,18,58
405011114,94,10,10,0,15,0,3,59,5,196,6,3,21,0,3,0,27,0,0,56,101,63,116,12,78,24,72,238,6,706,4,5,16,0,4,0,9,3,0,37,17,0,110,0,18,4,23,34,0,207,11,0,13,0,19,16,5,9,0,67,42,11,23,3,27,176,13,30,4,329,39,3,42,94,8,18,0,68,0,273,11,0,6,0,29,3,87,9,0,150,0,7,7,0,4,0,0,6,0,22,6,14,0,0,24,6,0,0,0,42,5,5,0,0,14,12,0,0,3,40,11,40,19,0,21,0,0,0,0,100,10,11,24,8,12,4,10,101,0,187,13,23,4,39,22,0,4,4,0,110,19,134,7,48,32,0,0,6,0,240,32,99,14,181,65,4,6,21,0,410,9,9,4,9,3,0,0,0,0,34,12,10,59,22,7,0,0,19,0,126,9,4,13,0,13,5,9,15,15,84
405011115,63,4,6,0,8,0,0,29,0,111,0,3,10,0,0,0,10,0,0,29,102,83,69,5,48,26,35,110,3,486,6,0,7,0,5,0,0,4,0,21,22,5,78,0,19,0,11,21,0,153,16,3,7,0,3,4,3,0,0,38,43,13,12,4,12,96,8,12,0,203,46,0,26,41,8,8,4,38,0,173,12,0,0,0,11,0,33,3,0,58,5,10,0,0,0,0,0,0,0,17,3,14,0,0,14,0,0,0,0,35,4,0,0,0,3,9,0,0,0,22,17,34,14,0,14,0,0,0,0,90,9,4,3,12,8,0,6,35,0,71,17,19,5,15,23,0,0,5,3,85,12,126,0,38,8,0,0,4,0,186,15,82,5,99,35,0,0,13,0,247,5,4,5,9,3,0,0,0,0,22,3,8,32,16,3,0,0,8,0,65,13,4,14,0,11,3,3,9,8,67
405021116,59,14,13,0,6,6,12,46,0,151,3,6,15,0,5,0,14,3,0,48,33,28,44,7,12,13,4,35,0,177,6,0,27,0,5,0,0,5,0,40,32,4,68,0,17,4,25,19,0,169,9,3,6,0,10,8,3,0,0,45,33,10,14,4,11,98,4,17,0,192,24,0,45,41,10,10,0,48,0,182,7,0,4,0,13,5,22,4,0,53,0,3,0,0,0,5,0,0,0,12,6,15,0,0,17,3,0,5,0,43,3,0,0,0,0,14,0,8,3,24,10,34,5,0,28,0,0,0,0,77,0,3,8,3,8,0,5,38,5,74,18,16,7,15,9,0,6,3,0,70,16,102,0,34,12,0,0,0,0,167,15,95,0,96,31,0,0,17,0,261,3,4,4,7,0,0,0,0,0,26,4,8,47,18,5,0,0,7,0,85,3,12,6,0,4,5,3,23,18,69
405021117,337,14,20,4,25,9,20,93,3,516,6,0,16,0,0,0,19,0,0,41,53,28,24,4,19,16,9,81,6,240,4,0,7,0,0,0,12,6,0,31,16,0,63,0,13,0,29,31,3,161,8,10,9,0,7,18,4,6,0,59,25,4,6,5,5,78,7,11,0,143,50,0,21,46,3,4,0,37,5,169,5,0,0,3,11,4,51,0,0,83,0,5,0,0,0,0,0,0,0,11,3,8,0,0,8,3,0,0,0,30,0,0,4,0,3,0,0,0,0,9,10,32,13,0,23,0,0,0,0,74,5,0,14,3,0,0,0,42,0,75,22,16,13,3,16,0,3,4,5,80,7,99,7,55,14,0,0,4,0,183,4,83,7,109,19,4,0,13,0,249,3,12,4,8,3,5,0,0,0,26,11,0,41,10,4,0,0,4,0,67,19,5,5,8,7,3,7,10,23,90
405021118,317,0,35,0,19,0,21,92,0,492,3,0,11,0,3,0,15,4,0,38,20,7,37,0,7,4,16,39,3,132,0,0,0,0,0,0,5,4,0,11,12,0,37,0,6,0,14,19,0,96,3,3,4,0,5,19,0,0,0,40,28,0,17,3,7,78,0,12,0,143,17,0,17,30,0,3,0,20,0,89,9,0,4,0,11,5,41,4,0,72,0,0,0,0,0,0,0,0,0,5,0,0,0,0,3,0,0,0,0,9,0,0,0,0,0,0,0,0,0,3,8,18,13,0,16,0,0,0,0,45,0,5,3,4,0,0,4,31,0,55,3,8,5,3,17,0,11,6,0,58,10,44,0,28,14,0,3,0,0,104,5,40,7,73,19,0,0,9,0,158,4,0,0,3,0,0,0,4,0,16,3,3,28,5,8,0,0,6,0,52,11,5,9,5,5,0,6,9,20,66
405021119,615,17,19,0,54,0,43,229,6,980,6,0,12,0,0,0,31,4,0,56,33,15,64,6,17,15,28,117,3,289,4,0,9,0,4,3,9,8,0,37,29,4,90,0,17,5,27,39,0,216,16,6,19,0,15,23,15,14,0,110,37,5,28,6,18,133,13,33,0,270,36,0,21,50,6,12,0,51,4,185,32,0,8,0,42,3,144,12,0,242,0,5,0,0,0,0,0,0,0,8,3,7,0,0,17,0,0,0,0,33,0,0,0,0,3,9,0,0,0,19,7,29,11,0,25,0,0,0,0,73,3,3,15,6,8,0,6,59,0,98,23,23,10,33,30,0,14,18,3,159,18,156,10,75,36,0,6,17,0,331,21,115,16,206,42,0,0,42,3,446,0,3,5,6,0,0,0,4,0,17,0,3,66,12,6,0,5,10,4,110,12,10,14,12,11,8,20,23,46,150
405031120,402,9,29,0,12,4,16,74,3,551,8,4,20,0,0,0,21,3,0,53,10,4,42,9,6,4,23,35,4,132,8,0,15,0,4,5,7,5,0,47,26,0,51,0,11,0,25,24,0,139,4,12,6,0,12,15,0,0,0,49,28,9,27,0,20,86,0,14,0,172,16,0,7,18,0,5,0,15,0,63,10,0,5,0,16,0,43,3,0,75,0,0,0,0,0,0,0,0,0,4,3,10,0,0,11,0,0,0,0,24,0,0,0,0,0,3,0,0,0,4,3,17,12,0,15,0,0,0,0,49,0,0,6,0,3,0,0,23,0,35,13,20,4,9,16,0,15,11,0,82,12,94,5,46,20,0,8,3,0,178,18,97,7,105,26,3,0,13,0,275,0,0,0,4,0,0,0,0,0,10,9,7,28,12,5,0,0,6,0,78,5,7,9,3,7,0,9,10,19,62
405031121,396,7,28,0,17,3,12,59,0,519,0,3,18,0,0,0,26,0,0,58,21,8,23,0,7,0,14,22,0,96,5,0,8,0,0,0,6,0,0,22,23,3,42,0,5,4,32,26,3,132,9,0,7,0,4,22,3,5,0,48,28,0,9,4,0,69,3,18,4,140,40,0,20,29,0,11,0,37,0,132,7,0,4,0,4,8,38,5,4,70,0,0,0,0,0,0,0,0,0,4,4,4,0,0,9,0,0,0,0,19,0,0,0,0,4,0,0,0,0,6,5,16,0,0,9,0,0,0,0,27,3,4,4,4,5,0,0,25,3,49,10,13,8,24,36,0,12,15,0,119,13,98,11,53,25,0,5,4,3,215,14,89,6,112,29,0,0,24,0,279,0,3,4,8,0,0,0,0,0,27,3,5,32,6,3,0,0,3,0,63,9,4,7,0,0,3,6,12,18,68
405031122,20,0,3,0,4,0,4,14,0,53,7,10,53,0,8,0,72,8,3,156,47,72,224,7,47,22,276,64,27,783,9,3,42,0,12,0,19,14,0,101,50,4,165,5,40,0,46,73,0,383,12,7,8,0,10,23,9,4,0,75,87,16,46,7,17,419,26,78,0,693,73,3,36,65,8,70,14,144,0,408,15,3,7,0,39,6,109,31,0,215,3,16,0,0,4,4,0,5,0,27,5,12,4,0,33,0,0,9,0,58,6,0,0,0,14,16,0,0,0,38,4,35,12,0,30,5,0,0,0,78,3,19,21,18,12,0,0,127,0,208,26,33,17,92,65,9,3,8,0,266,31,221,9,124,43,0,0,11,0,441,40,269,32,491,137,9,6,84,8,1073,9,12,0,17,4,0,0,7,0,47,13,28,94,57,35,0,0,10,0,238,12,4,20,9,15,8,24,23,46,153
405031123,142,7,3,0,9,0,10,25,4,200,0,0,16,0,5,0,16,0,0,40,12,7,38,0,3,8,33,7,3,114,3,3,14,0,3,0,0,4,0,33,5,3,27,5,8,0,6,17,0,75,6,4,4,0,4,4,6,6,0,37,15,9,6,0,0,69,0,13,0,111,15,0,5,12,0,9,0,21,3,68,7,0,4,0,9,5,26,6,0,58,0,3,0,0,0,0,0,0,0,4,3,0,0,0,9,0,5,0,0,17,0,0,0,0,5,3,4,0,0,9,4,8,5,0,6,0,0,0,5,22,0,11,0,0,4,0,0,21,0,40,6,13,5,9,12,0,3,4,0,49,0,71,6,25,16,0,0,0,0,126,14,77,10,70,30,0,4,18,3,227,0,4,0,0,0,0,0,0,0,6,0,4,27,11,9,4,0,5,0,61,5,0,12,0,4,0,7,4,12,43
405041124,87,5,15,0,8,7,16,43,0,175,3,3,18,0,0,0,35,3,0,61,16,6,34,0,12,8,10,34,0,120,0,0,14,0,0,0,3,0,0,31,16,0,60,3,7,0,26,26,0,137,10,14,10,0,14,21,5,3,0,81,33,5,19,3,12,171,7,36,0,289,29,0,14,51,4,14,6,48,0,169,4,0,11,0,19,0,58,6,0,106,0,4,4,0,3,0,0,0,0,19,10,9,0,0,17,5,0,0,0,39,0,7,0,0,0,17,0,4,0,23,4,23,13,0,20,0,0,0,0,61,0,15,3,13,7,0,3,46,0,87,9,16,8,23,21,4,3,3,0,93,11,105,10,48,20,0,0,4,0,195,8,70,15,203,32,0,0,22,0,356,0,0,0,0,4,0,0,0,0,7,4,11,60,10,11,3,0,8,0,111,3,0,16,0,3,8,0,5,32,77
405041125,71,0,7,0,3,5,3,15,0,107,0,8,22,0,0,0,26,0,0,56,6,0,16,0,3,3,12,8,0,55,7,0,3,0,6,0,5,8,0,18,29,0,95,0,20,7,19,31,0,197,9,4,5,0,0,8,9,0,0,33,27,0,12,0,5,103,8,29,0,187,19,0,26,48,4,3,4,31,0,132,10,3,3,0,13,3,31,3,0,67,3,0,4,0,0,0,0,0,0,7,3,5,0,0,13,0,0,0,0,25,0,0,0,0,4,11,0,0,0,15,0,10,7,0,12,0,0,0,0,32,0,3,4,7,0,0,0,24,0,41,10,11,5,17,17,0,0,7,0,72,14,90,3,51,13,0,4,4,0,178,7,87,16,127,42,0,0,21,0,299,0,4,3,0,0,0,0,0,0,11,6,7,29,13,8,3,0,5,0,68,3,5,8,5,0,3,6,14,17,58
405041126,57,3,7,0,0,0,9,15,0,98,0,3,7,0,6,0,20,0,0,42,10,0,21,4,5,0,9,20,0,67,3,0,5,0,6,0,10,4,0,17,11,4,56,0,15,0,25,26,0,140,3,5,3,0,9,13,4,0,0,38,19,6,12,0,4,73,0,20,0,134,40,0,19,26,9,9,0,40,0,144,3,3,3,0,16,0,25,6,0,62,0,0,4,0,4,0,0,0,0,5,0,7,0,0,11,0,0,5,0,20,0,0,6,0,5,9,0,0,0,19,0,14,11,0,9,0,0,0,0,39,0,4,4,7,0,0,4,30,3,51,9,10,4,17,23,4,4,5,0,77,3,51,0,19,8,0,0,0,0,89,16,72,9,135,29,3,3,19,0,277,4,0,0,3,0,0,0,0,0,7,5,3,33,5,9,3,0,6,0,68,6,7,5,3,9,0,4,5,22,59
405041127,499,11,21,0,35,3,26,101,7,704,7,0,18,0,6,0,54,0,0,86,19,6,38,6,12,6,20,32,4,142,0,0,7,0,3,0,12,6,0,27,20,5,87,0,17,0,19,23,4,171,8,9,6,0,6,22,3,0,0,47,44,5,13,0,16,136,4,29,0,254,51,0,20,44,0,7,0,44,3,167,13,4,3,0,22,0,71,3,0,122,0,3,0,0,0,0,0,0,0,10,8,0,0,0,9,0,0,0,0,25,3,0,0,0,4,8,0,0,0,16,3,27,9,0,13,0,0,0,0,59,0,5,15,14,4,0,0,48,0,88,14,10,6,16,27,0,15,17,0,97,17,114,6,54,23,0,4,0,0,221,12,82,10,138,40,0,0,33,3,312,0,4,4,0,0,0,0,0,0,12,4,6,53,11,6,0,0,8,0,90,7,4,10,3,12,6,4,13,31,83
405041128,186,5,10,0,11,4,16,64,0,290,3,0,10,0,0,0,21,4,0,40,10,3,18,0,3,8,12,6,0,55,0,0,8,0,5,4,3,0,0,23,17,3,61,0,7,0,14,14,0,118,3,0,5,0,3,3,0,0,0,22,26,4,17,4,3,67,0,16,0,131,34,0,22,48,0,9,0,28,4,151,11,4,0,0,8,0,38,0,0,68,0,0,0,0,3,0,0,0,0,3,4,13,0,0,11,0,0,0,0,25,0,0,0,0,0,6,0,0,0,12,0,13,3,0,13,0,0,6,0,34,7,9,9,3,3,0,0,36,0,59,3,14,3,14,15,0,3,8,0,59,5,58,0,17,14,0,0,4,0,103,0,36,7,64,15,0,0,9,0,139,5,6,0,0,0,0,0,4,0,10,0,5,33,4,3,0,0,0,0,54,4,3,9,3,0,0,3,10,17,51
406011129,30,0,3,0,7,0,0,31,0,74,0,0,17,0,6,0,20,4,0,47,4,0,9,0,0,0,0,4,0,20,4,0,8,0,0,0,0,5,0,13,16,0,26,0,4,0,0,11,0,59,0,0,0,0,3,5,5,5,0,14,23,0,12,0,6,57,6,13,0,107,19,0,7,20,10,12,0,27,0,84,5,3,11,0,12,0,47,15,4,100,0,0,0,0,0,0,0,0,0,0,3,0,0,0,4,0,0,0,0,11,0,0,0,5,0,4,0,0,0,8,0,8,0,0,12,0,0,0,0,15,4,3,3,5,0,0,0,23,0,47,12,20,6,38,24,0,0,9,0,110,11,82,5,32,10,0,0,3,0,155,9,72,6,89,24,0,0,9,0,213,0,3,0,0,0,0,0,0,0,3,4,7,28,12,8,0,0,3,0,65,3,3,3,7,5,8,4,5,18,54
406011130,583,14,40,6,30,17,37,138,5,862,8,4,19,0,6,0,23,6,0,63,10,0,38,8,4,4,0,19,0,84,0,0,10,0,0,0,3,4,0,25,29,0,104,0,18,0,35,39,7,230,15,17,24,0,14,31,5,7,0,119,38,4,17,6,12,144,5,22,3,241,43,0,21,50,11,12,0,32,0,160,18,9,4,0,18,6,57,11,9,138,0,5,0,0,0,0,0,0,0,8,5,13,0,0,31,0,0,0,0,48,0,0,0,0,0,11,0,0,0,11,9,26,15,0,22,0,0,0,3,87,4,6,11,7,5,4,0,38,0,70,16,19,8,32,35,0,6,5,0,121,23,129,3,69,26,0,3,3,4,264,19,118,9,139,40,6,5,22,3,353,0,0,4,5,0,0,0,5,0,17,4,3,52,19,11,0,0,14,0,111,11,11,9,3,10,0,4,8,36,99
406011131,486,11,32,0,24,5,27,85,9,677,4,3,16,0,0,0,22,0,5,47,4,0,15,0,0,0,6,4,0,35,4,0,8,0,3,0,0,3,0,25,19,3,50,0,7,0,38,18,0,134,11,5,3,0,5,13,6,3,0,50,27,5,17,3,9,80,5,17,0,159,27,0,9,29,0,3,0,21,0,96,18,0,11,0,18,5,40,9,0,106,0,0,0,0,0,0,0,0,0,3,0,4,0,0,19,0,0,0,0,22,0,0,0,0,0,4,0,0,0,4,3,9,3,0,9,0,0,0,0,22,0,0,3,0,0,0,0,18,0,27,8,4,3,5,17,0,5,9,0,49,5,76,11,46,7,0,9,0,0,157,0,58,3,98,20,0,0,19,0,204,0,0,0,0,0,0,0,0,0,0,4,3,54,3,9,0,0,0,0,76,5,4,7,6,10,3,4,7,25,65
406011132,279,9,11,0,21,4,13,78,0,413,0,0,0,0,0,0,0,0,0,0,0,0,3,0,0,5,3,5,0,16,0,0,0,0,0,4,0,3,0,17,8,0,15,0,8,0,8,5,0,43,6,3,0,0,4,12,0,4,0,37,12,0,9,0,0,37,0,9,0,64,8,0,7,6,6,3,0,6,0,46,6,0,0,0,6,0,17,4,0,36,0,0,0,0,0,0,0,0,0,0,0,4,0,0,7,0,0,0,0,10,0,0,0,0,0,0,0,0,0,0,0,4,4,0,3,0,0,0,0,17,0,0,0,4,0,0,0,9,0,19,5,7,4,0,12,0,3,9,4,44,3,46,6,18,6,0,6,5,0,92,6,30,0,34,17,0,0,14,0,97,0,0,0,0,0,0,0,0,0,4,0,0,10,0,0,0,0,0,0,15,0,5,3,0,0,0,4,4,16,31
406011133,182,86,80,0,66,0,27,240,4,692,5,9,29,0,0,0,71,11,0,136,40,25,110,9,26,31,24,73,6,331,3,4,31,0,11,0,18,19,0,87,82,3,363,0,71,6,63,64,4,669,31,17,14,0,20,41,14,24,3,176,128,18,46,9,40,511,26,115,6,898,86,0,65,123,25,74,5,144,4,521,37,48,19,6,41,17,132,32,9,342,3,13,11,0,10,10,0,0,0,39,18,29,0,0,60,8,0,0,0,110,9,7,0,0,20,42,0,5,0,77,7,125,30,0,78,5,0,6,0,255,10,27,27,19,18,5,7,111,3,219,34,68,21,146,65,12,3,19,4,372,37,357,14,155,62,0,10,8,3,658,43,356,35,510,135,6,5,51,3,1139,4,8,3,19,11,5,0,15,0,62,16,22,174,46,28,7,0,36,4,338,16,20,37,16,27,13,22,41,62,242
406011134,314,7,23,0,22,4,15,97,0,476,0,3,14,0,0,0,40,6,0,65,3,0,7,6,4,0,4,6,0,29,0,0,8,0,0,0,5,0,0,16,15,0,49,0,8,0,14,16,0,102,0,0,0,0,8,9,0,0,0,15,25,0,16,3,8,71,5,10,0,133,32,0,15,14,9,10,0,33,4,115,10,5,0,0,9,0,18,7,0,56,0,0,0,0,0,0,0,0,0,0,0,0,0,0,4,0,0,0,0,0,0,0,0,0,0,3,0,0,0,7,0,21,0,0,9,0,0,0,0,33,10,4,3,0,4,0,0,16,0,40,9,11,3,12,17,0,0,6,0,57,4,74,4,41,10,0,7,0,0,142,4,63,7,68,16,0,0,17,3,171,4,0,0,0,0,0,0,0,0,8,10,8,33,6,15,3,0,8,0,75,6,3,9,7,0,0,0,3,20,58
406011135,0,0,0,0,0,0,0,0,0,0,0,0,3,0,0,0,3,0,0,19,0,0,0,0,0,0,0,0,0,0,0,0,0,0,0,0,0,0,0,0,0,0,0,0,0,0,6,0,0,6,0,0,0,0,0,0,0,0,0,0,0,0,0,0,0,0,0,0,0,0,0,0,0,0,0,0,0,6,0,6,0,0,0,0,0,0,0,0,0,0,0,0,0,0,0,0,0,0,0,0,0,0,0,0,0,0,0,0,0,0,0,0,0,0,0,0,0,0,0,0,0,0,0,0,0,0,0,0,0,0,0,0,0,0,0,0,0,0,0,5,0,4,0,0,0,0,0,0,0,10,0,3,0,5,0,0,0,0,0,13,4,0,0,0,0,0,0,0,0,3,0,0,0,0,0,0,0,0,0,0,0,0,0,0,0,0,0,0,0,0,0,0,0,0,0,0,0,0,0,0
406011136,10,0,5,0,0,0,0,15,0,31,61,55,228,4,25,3,254,24,23,676,110,95,454,8,79,21,510,96,28,1401,5,6,25,0,15,3,36,32,5,125,43,20,303,0,51,0,213,108,15,756,16,5,13,0,15,29,30,8,5,122,126,6,44,3,37,515,26,110,3,875,71,0,56,116,27,103,18,186,7,583,30,12,21,3,57,8,161,32,3,330,3,4,4,0,5,4,0,0,0,20,10,13,4,0,34,3,8,6,0,72,11,0,9,0,16,35,3,6,0,76,17,57,82,0,30,7,0,25,7,215,12,44,22,33,35,3,26,195,3,377,38,53,27,170,79,10,10,22,0,406,59,385,24,229,90,0,0,14,5,807,66,441,35,538,164,10,10,83,17,1357,13,8,5,17,3,3,0,5,0,62,25,15,133,39,29,0,10,27,5,282,7,16,53,17,17,3,37,46,76,275
406011137,0,0,0,0,0,0,0,0,0,0,0,0,0,0,0,0,0,0,0,0,0,0,0,0,0,0,0,0,0,0,0,0,0,0,0,0,0,0,0,0,0,0,0,0,0,0,0,0,0,0,0,0,0,0,0,0,0,0,0,0,0,0,0,0,0,0,0,0,0,0,0,0,0,0,0,0,0,0,0,0,0,0,0,0,0,0,0,0,0,0,0,0,0,0,0,0,0,0,0,0,0,0,0,0,0,0,0,0,0,0,0,0,0,0,0,0,0,0,0,0,0,0,0,0,0,0,0,0,0,0,0,0,0,0,0,0,0,0,0,0,0,0,0,0,0,0,0,0,0,0,0,0,0,0,0,0,0,0,0,0,0,0,0,0,0,0,0,0,0,0,0,0,0,0,0,0,0,0,0,0,0,0,0,0,0,0,0,0,0,0,0,0,0,0,0,0,0,0,0,0
406021138,9,7,0,0,4,0,0,5,0,15,0,0,0,0,0,0,0,0,0,0,0,0,0,0,0,0,0,0,0,5,0,0,0,0,0,0,0,0,0,0,5,0,5,10,0,0,0,8,0,33,0,0,0,0,0,0,0,0,0,0,13,0,0,0,0,6,0,6,0,26,3,0,0,0,0,0,0,0,0,4,0,0,0,0,0,0,0,0,0,0,0,0,0,0,0,0,0,0,0,0,0,0,0,0,0,0,0,0,0,0,0,0,0,0,0,0,0,0,0,0,0,0,0,0,0,0,0,0,0,0,3,0,0,5,0,0,0,0,0,6,5,6,0,13,9,0,0,10,0,45,10,87,3,40,9,0,0,5,0,157,4,17,8,35,5,0,0,9,0,83,8,68,0,0,0,0,0,7,0,80,0,4,4,19,0,0,0,4,5,35,3,0,0,0,0,0,0,0,13,21
406021139,0,0,0,0,0,0,0,0,0,0,3,0,9,0,4,0,27,3,0,42,0,0,0,0,0,0,0,0,0,3,0,0,0,0,0,0,0,0,0,4,0,0,16,0,4,0,9,0,0,32,0,0,0,0,0,0,0,0,0,0,13,0,5,3,0,37,0,6,0,68,23,0,10,14,10,3,0,33,0,97,4,0,0,0,3,0,3,0,0,4,0,0,0,0,0,0,0,0,0,4,0,0,0,0,0,0,0,0,0,0,0,0,0,0,0,3,0,0,0,8,0,0,0,0,0,0,0,0,0,0,0,5,0,0,0,0,0,8,0,13,6,0,7,19,11,0,3,0,0,53,0,27,0,15,3,0,0,0,0,53,8,32,6,35,16,0,0,0,0,95,0,0,0,0,0,4,0,0,0,4,0,3,4,3,0,0,0,0,0,11,4,3,0,0,4,6,0,3,15,38
406021140,68,5,14,0,6,0,0,31,0,130,3,5,22,0,5,0,26,4,0,66,0,0,13,0,0,0,0,5,0,16,0,0,5,0,0,0,0,3,0,9,13,0,27,4,7,0,24,13,0,88,0,0,0,0,0,3,4,3,0,19,13,0,7,0,3,38,0,0,0,62,19,0,8,29,0,0,3,26,0,93,10,3,9,0,4,0,27,0,0,51,0,0,0,0,0,0,0,0,0,5,0,0,0,0,0,0,0,0,0,5,0,0,0,0,4,0,0,0,0,7,0,9,0,0,4,0,0,0,0,10,0,3,6,7,0,0,0,14,0,32,11,8,4,25,22,0,6,4,0,79,3,34,4,27,12,0,0,0,0,75,4,44,0,36,17,0,0,11,0,109,5,3,0,0,0,0,0,0,0,12,0,0,8,0,4,0,0,0,0,17,5,0,4,3,5,0,3,3,16,34
406021141,173,7,22,0,9,0,7,109,10,343,8,6,45,0,6,0,83,21,0,164,0,0,3,0,0,0,0,0,0,4,6,0,3,0,0,0,5,6,0,17,3,0,15,8,7,0,21,12,3,73,0,0,0,0,0,0,0,0,0,4,9,0,6,0,0,13,0,6,0,36,31,5,15,24,6,0,0,22,0,108,5,5,8,0,8,3,14,4,0,39,0,3,0,0,0,0,0,0,0,5,0,0,0,0,0,0,0,0,0,0,0,0,0,0,0,0,0,0,0,4,0,4,6,0,4,0,4,0,0,16,10,0,5,8,0,0,0,21,0,36,12,8,7,17,8,0,0,0,0,50,4,30,4,19,7,0,0,0,0,60,5,14,0,12,0,0,0,3,0,37,4,5,3,0,0,0,0,0,0,9,0,3,8,5,0,0,0,4,0,17,4,6,4,0,3,0,0,12,20,46
406021142,26,4,13,0,9,0,13,74,7,140,3,13,90,0,8,0,106,9,3,237,10,3,77,4,8,7,17,18,0,137,4,0,29,0,9,0,16,13,6,82,32,19,180,9,30,0,71,63,0,401,11,0,8,0,5,20,8,0,0,62,71,9,31,4,23,358,18,72,0,583,67,3,40,92,26,67,15,143,0,450,15,3,28,0,37,4,201,34,4,335,0,12,3,0,3,3,0,4,0,25,17,15,3,0,37,0,6,5,0,88,6,6,4,4,9,21,0,7,0,54,13,43,25,0,34,0,5,3,6,127,10,22,17,20,11,0,3,141,6,224,51,111,38,282,144,0,8,13,13,668,37,250,12,156,43,0,4,3,0,515,57,267,26,337,119,5,6,51,11,875,5,6,4,0,9,0,0,6,0,36,10,17,116,41,22,9,0,23,0,240,7,6,21,13,15,12,16,28,54,166
406021143,0,0,0,0,0,0,0,0,0,4,66,121,377,3,80,0,383,66,18,1124,0,0,14,0,0,0,7,3,0,34,0,0,7,0,9,0,4,6,0,25,20,10,108,0,30,0,47,39,4,257,0,0,11,0,10,4,11,0,0,32,15,0,3,0,3,57,0,22,0,107,14,0,25,39,10,5,0,31,0,133,6,0,0,0,9,4,25,0,0,48,0,0,0,0,4,0,0,0,0,6,0,0,0,0,3,0,0,0,0,4,5,0,5,0,6,10,5,0,0,33,5,6,7,0,3,0,0,0,0,27,7,9,22,0,10,0,5,32,4,89,7,5,0,17,22,0,0,4,0,53,12,70,3,27,11,0,0,0,0,119,0,20,0,37,15,0,0,0,0,72,0,0,0,6,0,0,0,0,0,6,0,5,9,7,0,0,0,6,0,35,0,3,10,3,4,0,5,8,21,51
407011144,63,4,8,0,9,3,12,36,0,137,7,3,20,0,0,0,35,4,0,75,34,21,66,0,22,11,15,25,5,199,5,3,6,0,4,0,17,11,5,54,53,6,214,0,43,6,52,80,7,458,17,5,8,0,5,18,8,0,0,58,84,12,31,14,18,255,7,55,0,467,70,3,62,120,16,20,6,94,4,391,12,7,6,0,30,7,57,14,0,120,4,6,8,0,4,0,0,0,0,14,8,18,0,0,21,0,0,0,6,54,10,6,0,0,10,30,0,0,0,68,23,70,33,0,42,0,4,0,0,176,6,12,32,13,6,0,3,87,0,171,25,45,12,35,57,0,7,15,0,207,17,195,9,59,23,0,0,4,0,304,23,202,24,352,63,4,0,33,4,704,11,24,9,16,0,0,0,5,0,63,17,16,95,23,15,0,0,17,0,190,17,18,16,12,10,3,8,11,38,139
407011145,305,9,20,0,21,5,11,103,9,486,0,0,4,0,0,0,6,0,0,10,16,0,17,4,5,8,4,10,0,78,0,0,6,0,0,0,4,0,0,20,28,0,79,0,9,4,18,29,0,178,9,4,3,0,8,24,0,0,0,46,30,4,10,6,7,96,5,18,4,169,67,0,38,59,8,14,0,50,7,245,10,5,10,18,15,14,26,17,3,115,4,3,0,0,0,0,0,0,0,12,4,0,0,0,12,0,0,0,0,15,0,0,0,0,3,12,0,0,0,19,12,28,12,0,32,4,0,5,0,90,5,5,11,26,6,0,0,49,0,108,24,10,6,15,29,0,6,16,5,109,15,94,3,32,12,0,5,0,0,173,5,74,0,81,32,0,0,13,4,214,7,9,13,9,7,0,0,0,0,47,5,7,29,10,10,0,0,11,0,62,14,3,13,6,8,3,7,16,27,92
407011146,94,8,15,0,10,4,19,82,7,237,6,12,20,0,3,0,43,3,0,95,42,20,48,4,24,18,24,52,8,244,5,0,8,0,3,0,19,4,3,47,31,4,151,3,35,7,36,63,8,339,15,9,10,0,11,23,3,8,0,81,66,15,17,4,11,188,14,27,3,346,42,0,24,58,4,16,5,62,0,214,9,3,9,0,34,8,52,6,0,118,0,15,12,0,5,3,0,0,0,27,8,20,0,0,32,0,0,0,0,66,5,3,0,0,10,25,0,0,0,41,9,51,18,0,41,0,0,9,0,125,6,13,20,11,18,0,10,56,3,127,17,35,12,41,43,0,4,7,0,168,20,117,15,85,23,0,5,3,3,266,26,162,20,238,64,3,4,37,5,550,5,11,12,11,3,3,0,7,0,52,7,15,91,14,17,3,0,8,0,153,10,4,18,6,8,6,13,14,23,104
407011147,357,10,33,0,31,8,24,141,3,608,6,7,28,0,5,0,29,5,0,78,70,29,53,9,33,29,21,62,5,301,6,8,23,0,4,4,7,3,0,64,44,14,169,5,36,4,63,72,3,401,11,3,3,0,0,16,14,9,0,56,46,6,19,4,16,154,15,33,4,294,44,0,23,47,6,14,4,52,0,193,18,12,8,0,29,4,40,3,4,125,6,8,4,0,0,0,0,0,0,21,3,14,4,0,33,0,0,0,3,53,3,0,3,0,11,14,0,0,0,34,14,76,32,0,37,0,0,4,0,168,20,6,29,10,13,3,3,56,0,142,20,40,21,56,41,0,0,12,0,189,20,150,10,70,23,0,4,7,3,285,27,150,18,224,77,5,0,13,0,515,11,10,18,6,0,3,3,11,0,65,17,13,70,19,9,5,0,9,0,144,39,8,24,6,21,8,8,22,41,170
407011148,76,4,14,5,3,3,15,44,0,167,4,8,21,0,0,0,39,3,0,78,33,13,67,0,18,35,8,26,0,196,5,8,14,0,12,3,18,6,0,59,58,11,236,0,52,3,49,79,3,489,23,6,3,0,7,24,8,3,0,73,87,18,51,4,21,383,15,79,0,649,89,0,91,132,22,46,5,147,0,536,11,6,10,0,29,3,61,3,0,130,4,21,4,0,5,9,0,0,0,44,10,21,0,0,40,0,0,0,0,73,4,3,0,0,14,34,0,6,0,72,25,101,28,0,53,3,0,0,0,220,8,19,42,28,20,0,5,123,0,238,22,51,14,63,63,0,9,12,0,232,24,242,8,93,38,0,0,5,0,410,41,279,30,491,108,12,6,53,5,1017,7,24,10,32,7,3,0,3,3,87,12,20,102,38,24,3,4,29,4,238,16,9,13,21,16,10,5,16,42,149
407011149,233,3,15,0,20,6,5,70,6,364,9,5,14,0,3,0,24,3,0,56,33,10,37,6,16,11,9,34,0,156,3,6,3,0,4,0,9,6,0,28,35,9,115,0,27,7,24,57,0,268,6,3,0,0,6,11,3,8,0,37,40,5,9,3,7,123,4,16,6,212,55,0,27,59,16,15,0,58,0,222,5,10,0,11,16,7,44,11,0,99,0,5,4,0,8,0,0,0,0,18,6,12,0,0,21,0,0,0,0,39,4,0,0,0,14,18,0,3,0,35,12,46,16,0,31,0,0,3,3,113,13,4,20,11,12,0,0,62,0,120,19,20,15,25,31,0,3,11,3,127,14,74,9,41,20,0,0,0,0,164,17,92,8,140,58,0,0,13,4,338,6,12,14,0,0,0,0,8,0,35,12,5,41,3,3,0,0,10,0,83,10,12,15,3,8,5,4,11,24,98
407021150,363,19,25,0,31,5,43,177,10,685,4,0,8,0,0,0,0,0,0,15,26,8,63,0,13,11,54,29,4,206,6,3,8,0,3,0,9,0,0,26,30,4,124,0,23,0,42,41,0,259,9,0,14,0,18,30,4,12,0,91,39,7,16,0,6,104,7,17,0,199,20,0,16,35,0,22,0,50,0,141,10,0,13,0,21,3,50,3,5,110,0,3,0,0,0,0,0,0,0,7,6,7,0,0,16,0,0,0,0,31,3,6,0,0,4,12,0,0,0,31,4,25,15,0,20,0,0,0,0,72,0,0,10,8,9,0,0,27,0,54,16,20,3,27,30,0,4,5,0,106,13,85,5,52,12,0,0,3,3,171,22,89,14,111,32,3,0,6,4,271,0,10,7,0,5,0,0,9,0,34,5,5,57,12,9,4,0,9,0,97,15,5,24,5,11,3,16,17,24,111
407021151,294,10,20,0,20,3,18,130,5,496,0,0,5,0,0,0,5,0,0,12,18,12,18,0,8,7,11,25,4,96,0,0,0,0,0,0,0,0,0,7,28,0,86,0,14,4,13,24,3,176,8,5,0,0,7,14,3,0,0,34,41,3,10,3,0,93,3,12,0,175,47,0,34,59,8,11,0,49,0,202,0,0,3,0,12,4,31,0,0,61,0,0,0,0,0,0,0,0,0,4,3,0,0,0,12,3,0,0,0,17,0,0,0,0,5,8,0,0,0,13,0,25,5,0,8,3,5,0,0,41,0,0,10,8,4,3,0,28,0,49,8,7,3,5,14,0,10,8,0,64,12,61,0,14,7,0,0,3,0,98,7,35,3,78,11,0,0,13,0,146,4,5,3,6,0,0,0,5,0,14,0,6,24,8,6,0,0,0,0,46,13,3,5,0,0,0,4,13,25,62
407021152,74,4,8,0,12,3,16,63,0,174,0,0,4,0,0,0,5,0,0,14,20,11,68,5,16,7,100,72,6,306,8,3,0,0,3,0,3,0,0,27,23,4,115,0,24,0,24,17,4,208,7,0,0,0,6,23,3,4,0,52,40,0,22,5,7,128,4,22,0,228,21,0,12,33,0,3,0,23,0,97,4,3,0,0,6,0,24,4,0,47,0,0,0,0,0,0,0,0,0,8,0,0,0,0,8,0,0,0,0,12,0,0,0,0,7,6,0,0,0,13,0,20,3,0,19,0,0,0,0,55,8,3,9,3,9,0,0,47,0,65,11,17,7,20,23,0,7,14,4,103,11,66,6,55,13,0,0,4,0,159,8,59,9,172,30,0,0,31,4,314,0,3,0,6,0,0,0,3,0,12,4,5,45,13,10,0,0,12,0,91,3,0,10,8,4,0,10,16,28,85
407021154,137,16,55,0,21,11,16,174,8,438,0,0,6,0,0,0,8,0,0,15,55,18,75,5,19,9,19,304,4,517,8,4,5,0,5,3,11,3,0,40,27,0,108,0,14,5,21,32,0,211,14,19,6,0,8,40,7,7,4,103,62,3,45,3,16,170,3,37,0,341,37,0,15,45,6,22,0,41,0,177,9,6,0,0,27,3,47,4,0,96,4,3,4,0,0,0,0,0,0,17,8,8,0,0,24,3,0,0,0,45,0,0,0,0,7,12,0,0,0,18,6,53,14,0,29,4,0,0,0,104,0,6,16,3,3,0,0,36,0,76,10,21,6,15,20,0,13,4,0,91,15,119,5,36,14,4,0,6,0,205,8,86,5,146,28,0,0,33,0,307,3,8,3,0,0,0,0,0,0,15,9,5,54,7,5,0,0,11,0,100,20,8,17,0,11,5,4,35,39,132
407021155,496,8,29,0,21,5,24,121,0,703,0,0,5,0,0,0,3,0,0,8,19,4,15,0,12,4,3,20,0,76,0,0,4,0,0,0,0,0,0,3,4,0,16,0,3,0,11,14,0,53,3,3,0,0,10,10,0,0,0,32,5,0,11,0,8,27,3,11,0,65,3,0,0,15,0,4,0,4,0,27,8,0,0,0,6,7,18,0,0,37,0,0,0,0,0,0,0,0,0,0,0,0,0,0,3,0,0,0,0,4,0,0,0,0,0,3,0,0,0,4,0,14,8,0,16,0,0,0,0,35,0,0,0,5,0,0,0,10,0,13,9,7,4,5,11,4,3,0,0,30,10,34,4,17,5,0,0,0,0,66,3,36,0,27,7,0,0,3,0,80,0,0,0,0,0,0,0,0,0,4,0,0,15,3,4,0,0,0,0,23,9,0,3,0,0,3,0,7,17,48
407021156,241,12,34,0,24,7,43,92,0,459,0,0,5,0,0,0,0,0,0,9,53,33,42,0,21,4,18,81,5,260,0,0,0,0,0,0,0,0,0,5,7,0,27,0,5,0,10,15,0,70,3,0,0,0,6,12,5,5,0,36,26,0,5,0,7,57,4,19,0,111,18,3,8,20,0,3,0,26,0,80,13,0,7,0,11,6,22,0,0,53,0,0,0,0,0,0,0,0,0,0,6,0,0,0,6,0,0,0,0,7,0,0,0,0,0,5,0,0,0,11,5,12,4,0,0,0,0,0,0,22,0,0,4,0,0,0,3,18,0,25,3,7,0,8,12,0,0,0,0,34,3,54,5,22,7,0,0,0,0,90,3,33,7,49,13,0,0,3,0,116,4,0,0,0,0,0,0,0,0,5,0,0,14,9,3,0,0,3,0,38,13,0,3,0,0,0,3,14,20,57
407021157,652,15,49,0,52,6,80,193,6,1060,0,0,3,0,0,0,7,0,0,8,66,31,92,6,49,16,39,308,21,611,0,0,5,0,5,0,0,3,0,16,30,4,98,0,17,0,44,34,0,231,10,14,14,0,20,42,16,7,0,122,34,9,50,3,19,128,16,39,4,298,30,0,12,46,6,6,0,41,0,147,20,9,6,0,29,3,91,3,0,163,0,0,0,0,3,0,0,0,0,9,8,7,0,0,13,4,0,0,0,30,0,0,0,0,6,13,0,0,0,21,6,25,8,0,28,0,0,0,0,70,4,0,9,4,5,0,3,37,0,62,12,12,8,10,20,0,12,7,0,86,11,103,4,49,11,0,0,0,0,182,3,94,7,125,37,0,0,26,0,291,0,3,4,0,0,0,0,3,0,13,9,7,94,8,15,7,0,15,0,152,13,0,14,3,11,5,17,19,22,112
407021158,271,16,19,6,25,3,19,143,3,507,0,6,3,0,0,0,3,0,0,16,17,0,31,0,9,0,35,17,3,121,0,0,5,0,0,0,3,3,0,17,9,3,44,0,9,3,18,12,0,106,9,3,4,0,5,7,0,3,0,36,13,7,7,3,6,73,5,6,0,123,16,0,10,23,0,6,0,27,0,90,8,0,0,0,11,4,15,0,0,45,0,0,0,0,0,0,0,0,0,6,0,0,0,0,5,0,0,0,0,6,0,0,0,0,0,7,0,0,0,5,10,17,12,0,5,0,0,0,0,43,3,0,6,0,3,0,3,22,0,40,10,8,6,13,6,0,6,13,3,51,3,75,0,19,10,0,0,3,0,112,0,56,6,86,20,0,0,10,0,180,0,3,5,9,0,0,0,0,0,13,4,0,23,6,8,0,0,3,0,49,9,0,7,0,0,3,7,10,17,48
407021173,121,37,57,0,35,10,105,147,4,511,5,0,13,0,0,0,14,0,3,38,88,32,141,5,42,24,168,136,11,647,5,0,12,0,6,0,19,12,0,62,41,23,319,5,57,10,50,82,9,586,28,10,18,0,35,48,32,19,0,195,127,15,61,8,39,516,24,98,3,890,101,0,63,126,11,81,9,140,5,532,34,10,10,0,76,14,132,14,6,294,8,19,0,0,3,9,0,0,0,39,11,34,0,0,56,3,0,0,6,108,9,3,0,0,17,22,0,4,0,54,10,68,35,0,47,5,0,0,0,166,12,30,26,18,21,0,10,103,0,219,37,63,19,132,68,9,18,19,8,368,41,342,10,164,50,0,0,15,4,627,36,329,39,506,158,5,0,50,4,1134,12,4,14,10,3,3,0,7,0,54,24,14,132,42,24,9,13,30,0,296,17,12,43,15,18,10,41,34,53,242
407021174,131,27,35,0,32,11,97,142,6,481,8,0,12,0,0,0,15,0,4,42,77,40,165,9,53,32,147,134,8,666,7,0,18,0,4,3,6,5,0,37,51,12,281,0,52,7,66,80,4,560,36,17,22,0,29,34,20,16,0,178,112,19,57,8,42,454,17,82,3,788,69,0,53,117,17,85,13,154,0,504,29,5,24,0,67,13,160,5,8,314,11,11,14,0,5,9,0,0,0,53,12,24,0,0,44,5,0,0,0,80,8,5,5,3,20,40,0,0,0,83,14,66,39,0,49,3,0,6,0,179,13,16,25,14,19,4,8,103,5,202,28,68,20,100,64,3,4,16,0,308,33,292,17,145,51,0,0,10,0,553,47,341,37,478,125,8,16,47,10,1110,11,7,7,19,3,0,0,6,0,55,15,14,150,44,27,4,0,32,0,291,20,12,31,16,19,20,48,42,55,259
407031159,197,5,5,0,16,5,27,113,9,380,4,0,4,0,0,0,13,0,0,22,55,26,91,5,33,12,37,129,5,398,4,0,15,0,7,0,11,3,3,55,20,5,105,0,25,5,10,31,0,212,18,3,3,0,6,15,10,4,0,65,24,3,14,0,11,136,3,16,0,215,38,4,28,52,18,20,0,56,0,222,7,0,8,0,15,0,56,6,0,95,0,7,0,0,0,0,0,0,0,14,0,9,0,0,14,0,0,0,0,29,0,0,0,0,0,7,0,6,0,19,8,31,12,0,13,0,0,0,0,61,4,11,8,9,9,0,4,64,0,112,10,24,16,26,41,0,6,21,0,150,10,83,3,72,21,0,3,4,0,201,24,129,0,199,42,3,0,19,0,423,0,0,4,3,0,0,0,0,0,10,8,3,62,11,6,4,3,13,0,110,10,3,17,6,4,4,17,22,31,110
407031160,17,7,3,4,3,0,6,65,4,104,0,0,3,0,0,0,3,0,0,8,20,22,42,0,18,4,32,69,0,207,5,0,9,0,0,4,3,0,0,22,10,0,36,0,13,0,5,23,0,88,5,0,3,0,7,8,0,6,0,26,30,5,6,0,3,108,7,34,0,192,13,0,19,43,6,7,0,39,0,131,4,4,3,0,8,3,36,3,0,48,0,8,0,0,0,0,0,0,0,15,0,5,0,0,11,0,0,0,0,19,0,0,0,0,5,7,0,0,0,14,0,20,10,0,13,0,0,0,3,52,5,9,6,7,4,0,10,55,0,98,9,26,9,26,16,0,0,7,0,103,5,78,6,41,10,0,0,4,0,143,8,95,5,124,32,3,0,20,3,285,0,4,0,4,0,0,0,0,0,14,4,10,36,8,4,0,0,0,0,67,4,0,10,6,6,0,7,23,11,74
407031161,400,16,37,0,22,11,65,137,8,691,0,0,0,0,0,0,3,0,0,3,3,0,12,0,5,0,0,5,0,25,0,0,0,0,0,0,0,0,0,0,9,3,18,0,6,0,7,8,0,48,9,0,10,0,16,7,4,8,0,62,4,0,3,0,6,43,0,0,0,68,9,0,3,17,0,0,0,14,0,48,3,4,0,0,5,4,19,0,0,37,0,0,0,0,0,0,0,0,0,0,0,0,0,0,4,0,0,0,0,3,0,0,0,0,0,0,0,0,0,0,0,6,4,0,6,0,0,0,0,12,0,0,8,0,0,0,0,21,0,30,6,8,7,10,16,0,7,4,0,57,7,40,7,22,15,0,0,0,0,93,3,29,7,50,15,0,0,14,0,122,0,0,0,0,0,0,0,0,0,4,7,5,17,0,0,0,0,5,0,39,3,0,3,0,5,0,0,6,10,31
407031162,174,12,18,0,24,7,38,132,5,403,0,3,5,0,0,0,16,6,0,31,39,13,52,3,14,4,15,67,4,214,3,0,23,0,0,4,5,3,0,45,17,0,86,0,6,0,11,30,0,160,7,8,8,0,11,13,9,8,5,62,44,8,8,3,13,126,4,25,0,224,25,0,12,31,3,13,0,20,0,105,9,0,3,0,23,6,55,5,0,105,0,4,0,0,0,0,0,0,0,7,0,8,0,0,13,0,0,0,0,25,0,0,3,3,4,11,0,0,0,19,7,25,10,0,17,0,0,0,0,64,3,7,9,8,10,0,9,43,6,89,13,13,10,15,26,0,9,21,0,102,10,131,7,48,24,0,0,3,0,226,12,103,6,188,37,4,0,22,3,385,3,4,0,3,0,0,0,0,0,12,9,4,64,3,6,4,0,3,0,101,9,11,10,12,6,0,8,9,30,87
407031163,193,3,10,0,17,0,24,83,4,335,0,0,0,0,0,0,3,0,0,5,11,8,10,0,12,6,8,12,0,63,0,0,3,0,3,0,0,0,0,12,4,0,19,0,8,0,3,4,0,45,3,0,0,0,0,0,0,0,0,8,13,0,0,0,3,22,0,3,0,47,3,0,0,0,3,0,0,0,0,16,0,0,0,0,7,0,19,0,0,29,0,0,0,0,0,0,0,0,0,0,0,0,0,0,7,0,0,0,0,7,0,0,0,0,0,0,0,0,0,0,0,5,0,0,6,0,0,0,0,17,0,0,0,0,0,0,0,10,0,13,0,4,0,3,4,0,0,3,0,21,6,24,0,15,10,0,0,0,0,56,6,26,6,36,10,0,0,4,3,87,0,4,0,0,0,0,0,0,0,4,0,0,13,0,3,0,0,5,0,18,0,0,0,0,0,3,8,4,10,32
407031164,265,5,20,0,13,0,25,117,0,445,3,0,15,0,0,0,18,3,0,41,24,6,43,3,18,17,12,56,0,180,3,4,11,0,0,0,0,11,0,31,25,0,94,0,21,0,36,51,7,234,7,0,8,5,0,6,3,6,0,41,30,0,16,0,8,110,11,19,3,206,35,0,18,49,4,12,0,46,0,168,22,21,3,3,13,3,45,14,4,130,0,4,3,0,3,0,0,0,0,10,4,0,0,0,9,5,0,0,0,22,7,0,0,0,7,4,0,5,0,18,14,26,14,0,22,0,0,0,0,72,8,6,12,0,6,0,7,56,0,103,17,18,13,32,24,3,13,13,6,139,7,48,7,47,12,0,0,0,0,132,11,69,16,150,34,0,6,24,3,305,3,4,6,7,0,0,0,4,0,22,3,8,63,12,13,0,0,5,0,97,14,4,14,0,10,6,14,17,27,104
407031165,124,7,32,0,26,9,26,342,4,569,3,5,23,0,7,0,34,16,6,79,73,20,167,8,46,31,71,364,16,800,6,5,22,0,10,0,20,11,0,79,45,5,240,0,39,14,73,123,9,559,13,3,10,0,15,43,33,16,0,136,105,16,53,3,31,473,27,124,6,835,80,0,49,108,14,77,12,132,4,478,26,12,13,3,57,9,138,20,4,265,5,10,5,0,5,11,0,0,4,45,5,19,0,0,48,3,0,0,4,82,0,5,4,5,15,44,4,6,0,78,18,50,27,0,49,0,0,0,0,147,21,23,42,24,16,0,12,192,0,333,32,65,18,120,89,3,8,10,5,357,27,182,12,154,49,0,3,11,3,445,53,231,39,582,136,3,0,58,10,1109,17,7,30,23,10,3,0,31,0,113,17,19,156,44,19,6,4,20,0,296,14,14,25,18,15,21,29,54,66,247
407031166,249,0,21,0,20,0,11,69,4,378,7,0,9,0,0,0,12,7,0,31,30,0,36,3,11,3,6,40,0,126,3,0,10,0,0,0,5,0,0,18,12,5,64,0,15,0,32,27,5,165,6,5,6,0,5,12,3,4,0,44,11,0,12,0,5,90,3,26,0,145,22,0,7,15,0,8,0,28,0,85,19,5,7,0,13,0,40,0,0,81,0,0,3,0,0,0,0,0,0,9,7,0,0,0,11,0,0,0,0,18,0,0,0,0,4,4,0,0,0,12,5,19,11,0,16,0,0,0,0,49,10,9,5,6,6,0,0,28,0,63,9,8,6,28,32,0,4,0,0,86,3,64,13,22,16,0,0,3,0,117,15,53,6,83,32,0,0,11,5,202,4,0,7,5,3,0,0,7,0,30,3,0,38,6,10,0,6,4,0,66,7,0,11,5,3,3,6,14,34,85
407031167,69,4,3,0,11,3,32,169,0,304,0,0,4,0,0,0,4,0,0,11,23,12,15,4,16,4,28,52,0,167,3,0,5,0,3,0,3,0,0,14,9,0,63,0,13,6,19,14,0,126,9,0,0,4,9,12,4,8,0,47,34,3,11,0,11,113,10,27,0,206,36,0,26,45,7,26,4,44,4,190,0,0,4,0,9,0,31,5,3,50,0,6,3,0,0,3,0,5,0,18,5,0,0,0,13,0,0,0,0,22,5,0,0,0,0,3,0,0,0,10,0,10,3,0,19,0,0,3,0,36,0,6,8,3,4,0,9,54,0,92,6,11,11,22,19,0,0,9,0,74,10,61,0,33,10,0,0,6,0,130,8,72,4,119,29,0,0,13,4,253,0,4,0,3,0,0,0,4,0,7,4,7,28,11,3,0,0,5,0,50,10,4,10,0,5,0,13,34,19,96
407031168,240,11,19,0,28,0,52,240,3,589,0,4,9,0,3,0,14,0,0,30,42,9,56,0,13,14,21,58,6,216,9,6,12,0,4,0,5,7,3,45,16,3,104,0,19,4,27,22,4,194,15,4,7,0,3,19,11,9,0,60,36,0,21,0,17,121,6,32,4,227,33,0,21,45,4,19,5,45,3,170,11,0,4,0,18,3,36,3,0,73,0,5,4,0,0,0,0,0,0,11,10,14,0,0,14,0,0,0,0,36,0,0,0,0,4,10,0,0,0,18,5,20,11,0,14,0,0,0,0,49,16,10,7,0,3,0,4,65,0,104,15,8,4,23,24,0,3,5,0,82,7,86,0,51,18,0,0,0,0,169,17,75,10,122,39,3,0,11,0,273,0,3,6,5,3,0,0,0,0,13,5,5,60,14,11,0,0,4,0,99,14,5,10,12,8,3,3,25,34,119
407031169,546,12,42,0,43,7,43,182,9,878,0,0,5,0,0,0,13,4,0,21,25,0,26,0,8,8,6,34,4,113,0,0,0,0,0,0,5,0,0,9,8,3,35,0,10,0,32,26,0,113,12,5,4,0,0,17,3,4,0,42,28,3,13,0,0,112,3,16,0,179,26,0,19,34,4,9,0,35,0,126,12,4,0,0,22,5,60,7,0,110,0,0,0,0,4,6,0,0,0,12,0,9,0,0,12,0,0,0,0,19,3,0,0,0,0,9,0,0,0,15,8,11,7,0,7,0,0,0,0,32,4,3,6,0,0,0,0,34,0,53,0,8,4,18,23,0,9,11,0,76,10,61,6,51,22,0,3,3,0,159,13,54,10,109,24,0,0,24,0,230,0,3,0,3,0,0,0,7,0,19,3,10,34,3,0,0,0,6,0,64,14,11,13,0,4,0,3,18,20,86
407031170,273,6,31,5,31,5,47,218,7,623,0,0,8,0,0,0,12,0,0,23,33,17,63,0,14,17,27,79,3,244,0,0,10,0,0,0,5,7,4,26,12,0,89,0,18,0,17,19,4,173,14,0,10,0,3,7,5,12,0,51,38,3,19,0,14,123,5,28,3,251,24,0,12,45,3,8,0,40,4,140,15,9,0,0,23,0,59,0,0,121,3,0,4,0,0,0,0,0,0,9,0,3,0,0,15,0,0,0,0,18,3,0,0,0,3,7,4,5,0,24,5,18,6,0,11,0,0,0,0,46,12,12,11,3,11,0,15,83,0,147,8,14,11,62,21,0,10,7,5,135,16,77,10,49,13,0,0,0,3,172,13,60,9,119,31,0,0,16,0,256,3,5,7,0,0,0,0,3,0,20,0,8,59,14,13,3,0,7,0,108,13,8,14,9,11,3,6,31,32,123
497979799,0,0,0,0,0,0,0,0,0,3,0,0,0,0,0,0,0,0,0,0,0,0,0,0,0,0,0,0,0,0,0,0,0,0,0,0,0,0,0,0,0,0,0,0,0,0,0,0,0,0,0,0,0,0,0,0,0,0,0,0,0,0,0,0,0,0,0,0,0,0,0,0,0,0,0,0,0,0,0,0,0,0,0,0,0,0,0,0,0,0,0,0,0,0,0,0,0,0,0,0,0,0,0,0,0,0,0,0,0,0,0,0,0,0,0,0,0,0,0,0,0,0,0,0,0,0,0,0,0,0,0,0,0,0,0,0,0,0,0,0,0,0,0,0,0,0,0,0,0,0,0,0,0,0,0,0,0,0,0,0,0,0,0,0,0,0,0,0,0,0,0,0,0,0,0,0,0,0,0,0,0,0,0,0,0,0,0,0,0,0,0,0,0,0,0,0,0,0,0,0
499999499,3,0,5,0,0,0,3,14,0,30,0,9,3,0,0,0,10,0,0,19,3,6,5,0,7,0,0,12,0,37,0,0,7,0,0,0,0,0,0,11,7,3,28,0,0,0,8,18,0,69,0,0,0,0,0,0,0,4,0,8,3,0,5,0,6,32,8,0,0,54,3,0,7,16,7,8,0,19,0,62,3,0,6,4,4,0,27,9,0,51,0,9,0,0,0,0,0,0,0,4,0,4,0,0,3,0,0,0,0,11,0,0,0,0,0,11,0,0,0,12,5,25,10,0,9,0,0,0,0,46,4,4,3,4,0,3,4,41,0,62,3,8,3,7,4,0,0,3,0,36,3,17,0,4,4,0,0,0,0,28,3,38,8,33,8,0,0,3,0,99,3,6,0,0,0,0,0,0,0,7,0,0,7,4,4,0,0,4,3,22,3,0,6,0,3,0,3,10,16,42
