sa2_code,dist_nearest_competitor_km,competitors_within_5km,competitors_within_10km
101021007,1.243325420814556,1,1
101021008,4.059995928418809,2,3
101021009,1.9039133225393987,2,3
101021010,1.8203499939247798,2,3
101021012,5.4553090275806335,0,3
101021610,9.77174243439009,0,2
101021611,17.66091279285227,0,0
101031013,17.71933659333547,0,0
101031014,1.7262331776555864,1,1
101031015,12.736236412090344,0,0
101031016,8.461195415037652,0,1
101041017,25.18205591139527,0,0
101041018,18.42913606507442,0,0
101041019,7.761622199085467,0,1
101041020,13.677101671458445,0,0
101041021,10.337175153239835,0,0
101041022,27.395193941926795,0,0
101041023,3.7159841362422186,1,1
101041024,15.408717080702063,0,0
101041025,2.7089579151079985,3,3
101041026,4.492702832614949,1,1
101041027,6.686379736364289,0,1
101051539,0.482729606103538,1,1
101051540,14.169637677829003,0,0
101061541,2.1758139479627707,1,1
101061542,4.1478167299867135,1,1
101061543,36.028593150755654,0,0
101061544,24.945481775150324,0,0
102011028,2.6128441900127477,2,2
102011029,4.2143426660272425,2,3
102011030,4.022986062955402,1,1
102011031,5.433335483274212,0,5
102011032,2.5759227609403808,2,6
102011033,3.1485590355531103,2,3
102011034,0.21589177704420087,2,5
102011035,2.0840773827876315,3,3
102011036,2.2046781700928437,1,3
102011037,2.9925939486532247,3,5
102011038,3.374845832174723,3,5
102011039,3.8498102096292057,2,2
102011040,5.223872969659705,0,1
102011041,8.266804154175743,0,3
102011042,1.6214613413059293,1,5
102011043,4.014007766090248,3,6
102021044,9.094229800810071,0,1
102021045,4.275791619681292,1,1
102021046,6.751941175305156,0,1
102021047,5.417184369607678,0,1
102021048,3.3718292782637422,1,1
102021049,16.24097325331563,0,0
102021050,9.723949850193437,0,1
102021051,6.30161861504549,0,1
102021052,12.7218550088443,0,0
102021053,11.444590948279943,0,0
102021054,7.937018771325309,0,1
102021055,7.64488389337104,0,1
102021056,3.2032628999362003,1,1
102021057,7.308700893528409,0,1
103011059,2.314716236762864,1,2
103011060,4.2136756114842795,1,2
103011061,21.854648559014567,0,0
103011612,3.7479264878569243,1,2
103011613,5.308957067525678,0,2
103021062,22.42032522755469,0,0
103021063,69.52706394028873,0,0
103021064,63.768843255474565,0,0
103021065,11.343999683558941,0,0
103021066,54.93383737517919,0,0
103021067,4.986392597656981,1,1
103021068,25.340338905284554,0,0
103021069,78.80947419948592,0,0
103031070,22.647667376355404,0,0
103031071,42.23893049194548,0,0
103031072,1.5942475386086514,1,1
103031073,7.653923313235365,0,1
103031074,21.441979753529306,0,0
103031075,53.529581472472806,0,0
103041076,36.170621120308915,0,0
103041077,2.167138638745157,2,2
103041078,4.012877382595089,2,2
103041079,27.973830897145064,0,0
104011080,35.10272752683796,0,0
104011081,48.55202877724109,0,0
104011082,6.851681957268164,0,3
104021083,11.910894932261183,0,0
104021084,2.0665540117045436,2,2
104021085,1.2820211869710438,2,2
104021086,12.746805701254651,0,0
104021087,16.683481013908853,0,0
104021088,10.416618368473383,0,0
104021089,9.179978232196842,0,1
104021090,21.52079032824886,0,0
104021091,10.148031632862853,0,0
105011092,27.006202344521014,0,0
105011093,165.72544031694937,0,0
105011094,92.44915119635141,0,0
105011095,16.666141639507938,0,0
105011096,29.0281311709878,0,0
105021097,1.9181083920132915,1,1
105021098,153.42108124669238,0,0
105031099,15.17604755779485,0,0
105031100,4.325781076540858,1,3
105031101,1.6020392181022378,3,3
105031102,2.48140752561997,3,3
105031103,7.45264045103413,0,3
105031104,11.5220265296028,0,0
105031105,52.09304592960661,0,0
105031106,54.500087569276374,0,0
106011107,6.793498128766973,0,1
106011108,1.8328033312567253,1,1
106011109,19.886581968504498,0,0
106011110,30.777365647315108,0,0
106011111,2.820020363041618,1,1
106011112,1.1934615423980628,1,1
106011113,17.10598912291516,0,0
106021114,4.941406600832368,2,3
106021116,6.432767731859279,0,2
106021614,8.26033893037989,0,2
106021615,6.744196687876114,0,2
106021616,3.8431202522376777,2,3
106021617,8.026783970899816,0,2
106021618,13.787128012396206,0,0
106031119,4.591424060485629,1,1
106031120,2.3275359046718065,1,1
106031121,9.266449168688753,0,2
106031122,13.156282365151101,0,0
106031123,11.052780470779686,0,0
106031124,4.8338202853304875,1,1
106031125,12.380735387444881,0,0
106041126,6.131886211518275,0,1
106041127,33.71547179979836,0,0
106041128,0.7122309115058574,1,1
106041129,15.806762514627906,0,0
107011131,5.80705360897427,0,1
107011132,10.55122987085853,0,0
107011133,2.0966647304468755,1,1
107011134,5.830621132234937,0,1
107011545,5.508865454684384,0,1
107011546,5.137906117694911,0,1
107011547,8.168722204303924,0,2
107021135,17.748272876582686,0,0
107031136,7.122103505396123,0,1
107031137,0.7628792551932538,1,1
107031138,13.30655898087576,0,0
107031139,9.249451210135087,0,1
107031140,13.937974638882284,0,0
107031141,4.952366943229366,1,1
107031142,2.7971147879615166,1,1
107031143,5.518748572457884,0,1
107041144,5.620675001022165,0,1
107041145,7.978409122851787,0,1
107041146,3.97017634728399,1,1
107041147,18.368832041210517,0,0
107041148,17.629682826892953,0,0
107041150,11.38776223769341,0,0
107041548,2.048167341181845,1,1
107041549,1.7237479883411644,1,1
108011151,33.82423440551417,0,0
108011152,35.58767980716219,0,0
108011153,38.881912709762034,0,0
108011154,28.40973511539908,0,0
108021155,41.40126766634823,0,0
108021156,40.679555010449974,0,0
108021157,3.5885523623517597,1,1
108021158,8.901153460601686,0,1
108021159,15.57083774638045,0,0
108021160,26.37616707921601,0,0
108031161,583.4031911108997,0,0
108041162,10.135327473826313,0,0
108041164,2.6169132977416525,2,2
108041165,26.673655840672875,0,0
108041166,3.5723484405386916,1,1
108041619,3.9023985936343935,2,2
108041620,3.4169667848485563,2,2
108051167,63.948134192268874,0,0
108051168,10.188505515191501,0,0
108051169,0.5399659218603982,1,1
108051170,24.94060129318159,0,0
108051171,12.049424035388162,0,0
109011172,6.927670843912162,0,1
109011173,4.972290297601327,1,3
109011174,6.579244815299292,0,3
109011175,12.18342391197783,0,0
109011176,4.778843689268402,1,1
109021177,41.74351504181137,0,0
109021178,14.521146316970285,0,0
109021179,83.3009766171372,0,0
109031180,11.839659623382213,0,0
109031181,48.98757095214666,0,0
109031182,0.6075458644288813,1,1
109031183,40.594690704319156,0,0
109031184,9.40854839735794,0,1
109031185,52.48762549939397,0,0
110011186,2.578994584069838,1,1
110011187,28.08496386887396,0,0
110011188,25.0439207560988,0,0
110011189,68.04073652006313,0,0
110021190,18.986701912610247,0,0
110021191,57.47602758336825,0,0
110021192,53.23391285282521,0,0
110021193,22.725387307391806,0,0
110021194,14.05280658791572,0,0
110031195,1.8395254132568626,1,1
110031196,29.575944577085377,0,0
110031197,3.7735181685692543,1,1
110031198,14.601116621321763,0,0
110041199,2.887401808140595,1,1
110041200,7.528742263949901,0,1
110041201,23.48951092117171,0,0
110041202,7.430542905117437,0,1
110041203,6.077818995800218,0,2
110041204,4.21080325186775,1,1
110041205,25.898338568015863,0,0
111011206,6.423054143627885,0,5
111011207,3.8431973461009954,1,2
111011208,5.547851206752879,0,5
111011209,1.8058098967118403,3,6
111011210,3.3737401456588647,2,6
111011211,7.3421839359289045,0,4
111011212,8.553301571009252,0,1
111011213,4.277797906406741,3,5
111011214,0.8669963537630148,3,5
111021215,4.545379935217836,3,4
111021216,8.725218380815868,0,1
111021217,3.514424225294261,1,4
111021218,0.6791686929901442,1,1
111021219,3.3316511449268047,1,1
111021220,4.801597633675843,1,1
111021221,7.904378320150197,0,4
111031222,2.7445450500951294,1,6
111031223,7.676209382028605,0,1
111031224,1.1452926211296124,2,6
111031225,2.2368798195057886,2,6
111031226,6.642841828388359,0,2
111031227,2.147314279903081,2,4
111031228,2.9484737828864116,2,6
111031229,1.7874211664744766,2,3
111031230,3.486193768140891,1,3
111031231,1.3444825998874035,1,4
111031232,8.053162798289085,0,1
111031233,3.7558145929762135,1,5
111031234,2.4348773982482816,2,6
111031235,2.4455585655863925,2,3
112011236,2.662623516681793,1,1
112011237,7.825867307217197,0,1
112011238,13.709447754283172,0,0
112011239,4.402386333236106,1,1
112011240,17.61843892477959,0,0
112011241,11.576134808639251,0,0
112011242,9.818501746136299,0,1
112011243,5.43206060597884,0,1
112021244,2.112247156300846,1,1
112021245,21.084646741288424,0,0
112021246,5.201417160635937,0,1
112021247,16.693584115867687,0,0
112021248,1.888659980037249,1,1
112021249,9.5158455378593,0,1
112031250,17.011780894981815,0,0
112031251,0.5675191415621568,1,1
112031252,11.305908839240292,0,0
112031253,13.310988970410918,0,0
112031254,13.291612200177891,0,0
112031550,17.18322136191787,0,0
112031551,12.253042115721458,0,0
112031552,15.402681952370024,0,0
113011256,1.988854778930326,1,1
113011257,56.11673417147806,0,0
113011258,1.658200450881734,1,1
113011259,3.98405495513584,1,1
113021260,29.42827982167633,0,0
113021261,1.6872944719938903,1,1
113021262,20.728140903335728,0,0
113031263,4.6320011915507395,1,1
113031264,5.781534199938055,0,1
113031265,10.757646762021611,0,0
113031266,15.112377876325507,0,0
113031267,4.090803903363048,1,2
113031268,4.881771408340172,1,2
113031269,4.800215074604887,1,2
113031270,3.5344578776043916,1,2
113031271,18.244473270397645,0,0
114011272,10.436824347606247,0,0
114011273,7.1304601130862535,0,1
114011274,9.21649661894986,0,2
114011275,30.44160555652013,0,0
114011276,2.9640144784545157,1,1
114011277,3.1242741662967535,1,4
114011278,1.4968118841188576,3,4
114011279,8.163555497582877,0,2
114011280,2.032783930769992,1,1
114011281,14.106048340018605,0,0
114011282,2.4280910346668727,2,2
114011283,10.194396381079311,0,0
114021284,4.590339784460681,2,3
114021285,11.026931598691297,0,0
114021286,3.5943799529601876,2,2
114021287,1.8706881942687064,1,1
114021288,13.72769196253451,0,0
114021289,14.852914562658595,0,0
115011290,3.1736850630036053,1,3
115011291,2.3166994496680386,1,3
115011294,3.4803343005439893,1,1
115011296,4.591183797387758,1,2
115011553,0.2959105831175947,1,3
115011554,3.68196417013992,1,1
115011555,1.7946296915845779,1,1
115011556,2.4686102604683167,1,2
115011557,1.7350317482492645,1,3
115011558,5.670563793121678,0,1
115011621,3.354517526803516,1,1
115011622,3.825957340548413,1,3
115021297,12.720856538420504,0,0
115021298,21.53887834363658,0,0
115031299,28.230920713644807,0,0
115031300,6.977445367140774,0,2
115041301,4.187223541514767,1,3
115041623,7.831607184942129,0,3
115041624,6.410416740278474,0,1
115041625,7.339263444311933,0,2
116011303,3.147558553030304,1,6
116011304,4.4008675647021,1,5
116011306,4.010421684265829,2,4
116011307,3.8623959959283694,1,4
116011560,0.22314516027800232,2,5
116011561,1.6687504642547109,1,5
116011626,1.4533906361126459,2,5
116011627,1.9797143998549107,2,5
116021309,4.740853623099975,1,4
116021562,5.766739753002597,0,4
116021563,5.318470159129053,0,4
116021628,6.793421577090315,0,3
116021629,3.079804518455071,1,2
116021630,3.2003323309802,1,3
116021631,2.2822781922583992,1,3
116021632,4.985455539588426,1,2
116021633,5.909075135578365,0,3
116031313,4.862960102267266,1,3
116031314,4.9918447875109,1,3
116031315,4.7240701101446065,1,3
116031316,5.91516327496999,0,4
116031317,3.3885155610622,1,3
116031318,3.5296574220292194,2,4
116031319,1.70307325645474,1,3
117011320,5.458756821405073,0,7
117011321,4.2607132357166995,1,9
117011323,4.3235118966656545,1,8
117011324,7.305747041488935,0,5
117011325,3.8734308908516097,2,9
117011634,2.7363210172058388,2,9
117011635,1.8432511269448348,3,9
117021327,1.6524310317577882,5,10
117021328,1.8061271487583341,4,9
117021636,0.8103834041526757,5,9
117021637,0.768953259454713,5,9
117031329,1.4460250262032626,7,10
117031330,0.3331409202851606,7,10
117031331,1.27573323903862,8,10
117031333,1.5111058521520577,6,10
117031336,1.7772922483014522,7,10
117031638,0.7683039080033462,8,10
117031639,1.7238498266153668,8,10
117031640,0.5937819674894944,8,10
117031641,1.199883919177598,6,10
117031642,1.587710771397634,8,10
117031643,1.3349625190926295,6,10
117031644,0.29155256822583026,7,10
117031645,1.0775202497938696,7,10
117031646,1.5265608409363385,7,10
117031647,1.8807864835271046,7,10
117031648,1.5640534459314164,7,10
118011339,1.9707705461631457,2,8
118011340,2.7044992272029402,2,8
118011341,0.7836260745402994,2,9
118011342,1.348718505824701,6,10
118011344,3.7932866460508845,2,7
118011345,0.708978616729817,6,10
118011346,4.204040571987747,3,8
118011347,0.5454022825218784,4,9
118011649,1.5903450237771422,4,9
118011650,1.4009026203507098,5,10
118021564,2.634636310556681,4,10
118021565,3.712564567460255,3,9
118021566,5.3632357670248245,0,8
118021567,6.367155337820107,0,7
118021568,5.31218743963421,0,8
118021569,1.9002400059109101,3,9
118021570,3.253851509521667,3,9
118021651,3.0813117653463378,2,9
118021652,8.840122899436263,0,2
118021653,7.013082073551046,0,5
118021654,4.6580965964625,1,8
119011354,2.371249048588084,1,6
119011355,4.424325057130472,1,5
119011356,3.2505070495183266,2,4
119011358,1.7158590936886373,2,4
119011360,2.8295914814917853,2,4
119011361,3.544221299318335,1,5
119011571,2.069478640453368,1,5
119011572,0.49853531755612507,2,4
119011655,4.314912975920309,1,6
119011656,2.9554597932973774,1,6
119011657,4.8531034256890635,1,4
119011658,4.396183378874076,2,5
119021362,5.325724966957099,0,8
119021366,1.5833419417210288,2,5
119021367,3.800769791940014,2,4
119021573,4.0990165307337785,1,6
119021574,3.1271012258518933,2,5
119021659,4.054462196285859,2,8
119021660,4.582248230094508,2,8
119021661,4.374941137531577,2,7
119021662,2.951692486287523,2,9
119021663,5.3354032120799255,0,7
119031370,2.881448328413526,2,6
119031371,3.764865063446018,1,5
119031372,0.9523856017383637,2,4
119031373,1.5602858756131293,2,3
119031374,4.791693239810678,1,5
119031664,5.310768513359929,0,7
119031665,4.4019259925783505,1,6
119031666,2.2812740892601897,1,4
119031667,3.0330950265801393,1,6
119041377,5.365399460477389,0,8
119041378,6.321244085656133,0,7
119041379,5.283223604942736,0,6
119041380,5.708941739094698,0,7
119041381,4.713600917863363,1,7
119041382,3.7060171316384256,1,4
119041668,3.2065917489025644,1,10
119041669,5.703329380531748,0,8
119041670,6.177792860726889,0,9
119041671,2.3901873134686853,3,9
120011383,4.093233557673987,1,7
120011385,3.2491356209338096,2,11
120011386,2.4336938878926935,2,9
120011672,4.410633367419031,1,4
120011673,4.385121532392329,1,3
120021387,2.715639880720511,4,10
120021389,1.681178393287303,6,10
120021674,0.1416736336280614,7,10
120021675,1.4255904309285328,6,10
120031392,2.896975865212547,2,9
120031393,3.2184666359129066,1,9
120031394,1.501828768764703,5,9
120031395,0.44172081420710185,4,9
120031396,3.9161397044524175,1,5
120031576,5.490355501139541,0,7
120031676,0.6180203580149128,3,9
120031677,1.6223353852107498,3,10
120031678,3.027578537820733,1,9
120031679,1.8889981046079183,1,9
120031680,4.0269596392772735,1,6
120031681,5.224089947482865,0,6
121011399,6.011887440953714,0,6
121011401,4.6711546321466475,1,11
121011682,5.542792969983767,0,10
121011683,4.035961345066424,2,7
121011684,3.9130022783084386,1,6
121011685,5.427320841942321,0,11
121011686,7.260440234726965,0,7
121011687,4.401901598244615,1,8
121021403,14.185057359114479,0,0
121021404,15.362505525754134,0,0
121021406,8.960167972856633,0,1
121021577,11.737655875570697,0,0
121021578,10.515071615196861,0,0
121021579,11.099062135161196,0,0
121031407,4.514273459714353,1,1
121031408,3.666593115129345,1,4
121031409,7.024288332282681,0,1
121031410,5.995237438315121,0,1
121031411,8.819838681111165,0,1
121031412,9.853592862480271,0,1
121041413,1.8989412429979944,3,11
121041414,3.7882523381307998,3,11
121041416,2.163392253117849,3,12
121041417,3.122593048357036,3,11
121041688,1.7136473263097671,1,9
121041689,0.46837255057723054,2,11
122011418,4.261177530918065,3,6
122011419,4.791501068371408,2,4
122021420,2.028730520818001,1,3
122021421,5.536780256552711,0,3
122021422,2.202721151733603,3,3
122021690,0.5016161138107809,2,5
122021691,2.497291253294995,2,5
122031424,1.310548662052241,2,6
122031425,3.2899336260798946,2,5
122031427,0.5708654384198139,1,4
122031429,1.1435205697098239,2,4
122031430,2.314756401399208,3,4
122031432,8.644000756693643,0,2
122031692,4.534795400174023,1,3
122031693,3.584855957815322,2,5
122031694,1.7698437822503872,2,5
122031695,1.760502446930403,2,5
122031696,2.8023914147653572,3,3
122031697,4.779398266902743,2,5
123011433,1.61939401415597,1,1
123011698,3.4233921291000433,1,4
123011699,2.5674750925060312,1,2
123011700,4.529962333635401,1,4
123011701,5.864488876408291,0,4
123011702,3.203945721250719,1,2
123021436,8.290858926962928,0,1
123021437,2.817435674404102,1,3
123021438,2.0237731393514626,3,3
123021439,7.994508624945085,0,2
123021441,2.3450797160768366,2,3
123021443,0.5156240470744181,2,3
123021444,9.351407672619747,0,1
123021703,5.812937841949374,0,4
123021704,6.218793460570749,0,3
123021705,3.7957540726265204,1,3
123021706,5.967561357525847,0,3
123031445,10.857699886473727,0,0
123031446,10.784572626789966,0,0
123031447,6.6008254269404265,0,1
123031448,13.343591693800992,0,0
124011449,5.642891831024315,0,2
124011450,0.9421714916161802,1,3
124011451,15.408313475898982,0,0
124011452,1.166331146580593,1,2
124011453,13.825645190850938,0,0
124011454,6.161053856237038,0,1
124011455,6.217362108800223,0,1
124021456,31.29233611180015,0,0
124031457,3.3569598443938493,2,2
124031459,3.613419699154243,3,3
124031460,4.079394565814698,1,3
124031461,2.0676053470413738,2,3
124031462,4.175526435684981,2,3
124031463,9.092469545159755,0,2
124031464,0.5162295870204802,2,3
124031465,17.526992648251994,0,0
124031707,5.462054264072904,0,3
124031708,5.656521292887531,0,3
124041466,2.683045101030748,1,3
124041467,3.188765751695723,2,4
124041468,7.399691018262628,0,2
124051469,3.887475853946717,1,2
124051470,4.31732023033844,1,3
124051580,3.4660751022961946,1,4
124051581,6.270642321577125,0,4
125011475,3.9256666611274373,1,6
125011582,2.05613761540153,1,5
125011583,0.9019802258216516,1,5
125011584,3.7402816833633143,1,5
125011585,3.837553160067501,1,6
125011586,2.498324743115515,1,4
125011587,4.955645984148485,1,6
125011709,0.9224574600314258,1,3
125011710,2.438749581325655,1,2
125021477,3.3806445750118383,1,2
125021478,5.153189821043641,0,3
125021711,7.846837728963483,0,2
125021712,7.031054421265076,0,3
125031479,3.631909301587217,1,6
125031480,2.631389190901532,1,6
125031481,3.234065242048566,1,4
125031483,4.255792212955253,1,6
125031484,3.4359305539804765,2,6
125031486,1.028120652388563,2,6
125031487,3.6559526893711767,2,6
125031713,2.0797124445965802,2,5
125031714,4.245300182615729,2,5
125031715,2.5378924767391924,3,5
125031716,2.498390305811147,2,5
125041489,5.4122297219847,0,5
125041490,5.376150023645756,0,3
125041491,4.197931879424223,1,5
125041493,2.0380412215927155,1,5
125041494,4.041330968683715,1,5
125041588,0.45463973282802206,3,5
125041589,2.4262516420591607,1,6
125041717,4.664778547606876,2,6
125041718,4.452211341659579,2,5
125041719,2.2026477171078898,1,3
126011496,7.771659637124816,0,1
126011720,9.556839870524275,0,1
126011721,8.025220261003154,0,2
126021498,5.813789772714674,0,7
126021499,5.779545009519089,0,11
126021500,8.734496458351773,0,2
126021501,8.415673354529563,0,4
126021503,5.157179199303192,0,2
126021590,6.128846346054943,0,3
126021722,6.406299395536669,0,1
126021723,6.9222289677878415,0,1
126021724,7.542738257951147,0,3
126021725,6.380392656626147,0,3
127011504,3.429146829559919,1,4
127011505,6.171522633111593,0,2
127011592,5.852615416295624,0,2
127011593,4.266670740135769,1,4
127011594,4.913716163752284,1,5
127011595,3.906529388374294,1,4
127011596,3.752999514121008,1,3
127011597,2.15522343477164,1,3
127011726,8.190961196142593,0,2
127011727,0.7832409040096219,1,4
127011728,4.623224277804936,1,3
127011729,4.866220276196892,1,2
127021509,5.083851784478513,0,5
127021510,6.1893620485458305,0,7
127021511,1.5909047362132949,2,4
127021512,2.8741103236488024,1,4
127021513,2.827397491683443,3,4
127021514,6.2959011831802485,0,5
127021515,3.026524896136624,2,5
127021516,2.8483006770380737,2,5
127021517,4.156390794369689,1,6
127021518,4.590075022374819,1,3
127021519,1.3643116352404019,1,5
127021520,4.771820982989656,1,5
127021521,3.1758983407606887,1,6
127031522,4.085959969591941,1,3
127031523,2.774789875963952,2,5
127031524,7.998878982153459,0,1
127031599,2.942808853253983,1,3
127031601,1.548450854711027,2,4
127031730,6.351819680519863,0,4
127031731,0.39882508224264984,2,4
127031732,1.1327861151015703,1,4
127031733,5.27058233661749,0,3
128011529,2.2620603425225254,2,3
128011530,2.3903541515998956,2,3
128011531,1.925934703214923,2,3
128011602,1.3751526569851928,1,2
128011603,3.3599223631414326,1,2
128011604,5.594448270199345,0,1
128011605,4.767461731980548,1,2
128011606,3.3450131848026916,1,2
128021533,11.443268435227205,0,0
128021534,3.8939253494257318,1,4
128021535,6.116267038796581,0,2
128021536,2.4470676222351426,1,4
128021537,8.820877783401658,0,1
128021538,0.2380272623106512,1,3
128021607,5.485639460200857,0,1
128021608,3.20925548670274,1,3
128021609,3.5030967428345203,1,3
201011001,6.517309658878251,0,4
201011002,1.3723337923122587,4,4
201011005,7.3132785041377355,0,2
201011006,4.742402501855148,1,4
201011007,9.32162355113289,0,2
201011008,4.366495262390986,1,3
201011481,5.987752081425863,0,4
201011482,5.706489979274616,0,4
201011483,2.894807913693257,2,4
201011484,1.2008942292074718,2,4
201021009,7.697840231338116,0,1
201021010,9.285725314700372,0,1
201021011,4.519171380478353,1,1
201021012,17.318159551542124,0,0
201031013,33.18037004347622,0,0
201031014,7.233904492331197,0,1
201031015,28.41653779616713,0,0
201031016,0.7413908201149564,1,1
201031017,7.3800144529839775,0,1
202011018,3.3141504012082352,2,3
202011019,7.387509407093193,0,2
202011020,1.8439770193837128,1,3
202011021,3.2770424368304125,3,3
202011022,1.2295236115836683,2,3
202011023,4.88709899422853,1,3
202011024,5.787498189903324,0,3
202011025,9.978954231407373,0,1
202021026,5.2322627028448325,0,2
202021027,26.399893172289957,0,0
202021028,28.335943417257162,0,0
202021029,8.77687126032118,0,1
202021030,5.355512584985512,0,1
202021031,13.453632409395285,0,0
202031032,23.25091913188863,0,0
202031033,23.69160538151488,0,0
203011034,13.464676055265704,0,0
203011035,13.71093381262208,0,0
203011036,23.59491486187521,0,0
203021037,0.7462267565681389,3,4
203021039,1.3549645906449588,2,4
203021040,3.74622337059755,1,4
203021042,4.627101246459698,1,4
203021043,18.026166396515,0,0
203021044,5.3847415235807405,0,2
203021045,5.860641870412368,0,4
203021046,1.9835949018944214,2,4
203021047,1.401372966695075,1,3
203021485,2.6068851351339988,1,3
203021486,6.348585217973701,0,1
203021487,3.589876014203036,1,3
203021488,2.5994541752303935,1,3
203031048,7.718040949518245,0,1
203031049,11.417823556093245,0,0
203031051,15.336765199058062,0,0
203031052,8.905534486929971,0,2
203031053,3.7380232064156482,1,1
203031489,9.097364095755644,0,3
203031490,1.9853366663379144,2,2
204011054,48.895167003002044,0,0
204011055,3.381197997989854,1,1
204011056,5.9667535574251644,0,1
204011057,74.5094279800159,0,0
204011058,37.590104810765986,0,0
204011059,36.06676377765857,0,0
204011060,26.11177713744365,0,0
204011061,26.830548284371528,0,0
204011062,42.53769334609918,0,0
204021063,3.3340585869443466,1,1
204021064,4.53597315584419,1,1
204021065,3.5400690587882617,1,1
204021066,33.65713980175356,0,0
204021067,26.472228041645085,0,0
204031068,3.313908985466915,1,1
204031069,23.157682925961527,0,0
204031070,19.947409137844602,0,0
204031071,7.8079205133685425,0,1
204031072,40.112744598682994,0,0
204031073,8.51364701985461,0,1
204031075,21.020915316161464,0,0
204031491,6.163885508696465,0,2
204031492,1.2482772911717577,2,3
205011076,4.433849362019825,1,1
205011077,24.717824970897176,0,0
205011078,2.580844077784789,1,1
205011079,11.340590336060382,0,0
205021080,40.9411632611104,0,0
205021081,56.62512426929545,0,0
205021082,24.39106622561379,0,0
205021083,64.06949029914378,0,0
205021084,48.8487396841723,0,0
205021085,40.08089341333038,0,0
205021086,45.826972445962284,0,0
205031087,20.701276542167722,0,0
205031088,15.913001746967964,0,0
205031089,18.049727103993987,0,0
205031090,9.231352247708765,0,1
205031091,3.9110360779000963,1,1
205031092,51.923130038941565,0,0
205031093,10.21244420397862,0,0
205041094,21.40853338001117,0,0
205041095,3.746922144306766,2,2
205041096,11.263510841437528,0,0
205041098,13.068039425804015,0,0
205041493,6.154360839077444,0,1
205041494,3.7075250183463715,1,1
205051099,59.67032984669074,0,0
205051100,16.739142894284925,0,0
205051101,17.105422697403707,0,0
205051102,19.349951825504174,0,0
205051103,1.1399585973589286,1,1
205051104,9.806422268130198,0,1
206011106,2.414500254248493,3,9
206011107,2.6015410603806086,2,10
206011109,4.15539126123703,2,8
206011495,3.5197118458280148,3,10
206011496,3.225251256366112,3,10
206011497,2.162898461739968,1,11
206011498,3.605730689540769,2,11
206021110,3.229391185367843,5,11
206021112,1.9190394804567978,3,10
206021499,2.188114093529763,5,10
206021500,2.121068285560093,3,9
206031113,0.4712251803062441,1,11
206031115,1.2606638008218227,1,11
206031116,1.3375023364283403,2,11
206031501,2.1042744499552084,3,8
206031502,2.915236532960589,2,8
206041117,2.32819060194427,6,9
206041118,1.501604229638417,3,8
206041119,1.6683593045937704,5,11
206041120,1.2967160365050956,1,11
206041121,2.0013630273243046,2,11
206041124,3.051995473784838,4,9
206041125,2.8634408508528755,4,9
206041127,3.304068467742279,2,10
206041503,2.6052573214537453,5,10
206041504,2.5873413188789183,5,9
206041505,1.747412030013792,5,9
206041506,3.2878277769393485,4,9
206041507,2.4270121898059096,5,10
206041508,0.9401965358109289,5,10
206041509,1.549845449904469,5,10
206041510,2.447348508887495,5,9
206051128,2.1149605044401305,3,9
206051129,2.619076054064025,2,8
206051130,1.5020191120313104,1,9
206051134,2.806728427909601,3,9
206051511,2.587287798368736,1,7
206051512,1.0229838328521885,4,9
206051513,3.8700868820547236,3,9
206051514,4.15951826297994,3,9
206061135,2.6279168648360534,4,9
206061136,3.7288590436660316,6,9
206061138,2.794566416573327,5,8
206061515,1.9260747348791614,4,9
206061516,2.717019162841115,4,9
206071139,0.6655853566788238,4,10
206071140,1.9036519481561294,5,9
206071141,1.3051243977419293,5,10
206071142,1.6658836953207907,5,10
206071143,0.6711027923191755,5,9
206071145,2.067032551004459,4,9
206071517,0.8010286809149456,5,11
206071518,0.37401405870794496,4,11
207011146,3.003958831712347,1,10
207011147,5.627307429463814,0,8
207011148,4.89764344781582,1,9
207011149,2.7298309473147153,1,10
207011150,1.8877821056853916,1,9
207011152,2.5822557133685082,3,9
207011154,3.8993480006278274,2,9
207011155,4.449553624507831,1,10
207011519,1.9804310902048268,5,10
207011520,2.956796338239379,4,9
207011521,3.543755674746504,3,9
207011522,2.1614367604408256,4,10
207021156,3.392444941580743,1,10
207021157,3.3136116434111607,1,6
207021159,3.7817472098091907,3,7
207021160,5.005367742172382,0,6
207021424,2.015964329172383,1,5
207021425,0.699383749878087,2,5
207031161,3.4264115709177942,2,4
207031162,4.98563221447276,1,5
207031163,5.72717228924463,0,4
207031164,3.9648706610299733,1,4
207031165,5.529119279131136,0,6
207031166,5.34502850850981,0,6
207031167,5.9838681927271375,0,9
208011168,2.45925507600005,1,6
208011169,0.6493984818935943,3,8
208011170,2.3183476718955145,3,7
208011171,1.47356191111398,3,7
208011172,1.792368263644398,3,7
208011173,3.19603974355671,2,6
208021174,1.8075542838253174,4,8
208021176,3.0902433891687764,2,10
208021177,0.959904054428349,3,9
208021178,1.0008271315317918,4,12
208021179,1.5141463944989548,2,9
208021180,4.512759267928931,2,8
208021181,4.4110488591686785,1,8
208021182,2.5338637558906165,3,9
208021426,3.7343425078666934,3,9
208021427,2.787001028601275,3,9
208031183,2.8873390276849924,1,5
208031184,0.9858480134416654,1,5
208031185,3.5517169698999647,1,4
208031186,5.613068232352122,0,4
208031187,5.378428741320143,0,3
208031188,1.1124787349169045,3,8
208031189,3.7474724162371373,1,5
208031190,2.527705453778729,3,5
208031191,0.7130396144317162,4,8
208031192,2.19887595305467,3,7
208031193,1.9644433658294258,3,6
208041194,0.7534195444222651,2,10
208041195,2.82552980626143,2,11
209011196,2.0532105581261564,2,8
209011197,2.9695949403183657,4,6
209011198,1.8599067743822724,2,10
209011199,1.4905033088072344,3,10
209011200,1.7176499205376743,1,9
209011201,1.7120305076376465,1,12
209011202,3.092102335727108,3,7
209011203,2.1150013924082933,2,8
209011204,0.8445838149321443,1,7
209021205,3.0834959686648937,3,8
209021428,1.741151405329182,2,9
209021429,0.6319632339419395,1,10
209021523,2.3283589862173844,2,6
209021524,3.224642926930147,2,6
209021525,2.9938443615854706,3,8
209021526,2.7962960607686553,2,8
209031209,0.7007476896846317,3,5
209031210,5.5152326544815775,0,3
209031211,24.871734583397078,0,0
209031212,13.198762932648796,0,0
209031213,3.435599802261931,1,5
209031214,6.5034403289697,0,3
209031215,1.5041690536149739,1,4
209041216,3.486730179463343,2,8
209041217,2.5205117116445273,2,8
209041220,4.68549243706549,1,6
209041221,3.3388417964673174,1,8
209041223,1.5330718413176905,2,5
209041224,8.948002628165408,0,1
209041225,14.168202149331528,0,0
209041431,4.446700668262135,1,3
209041432,0.5889010090191238,1,2
209041433,1.859808550051481,1,2
209041435,7.954671275600746,0,4
209041436,6.703328667262411,0,6
209041437,6.008433798733052,0,1
209041527,9.859544794834527,0,1
209041528,7.537791689893697,0,1
209041529,1.8313588298263332,2,5
209041530,1.7937869861318427,2,4
209041531,10.338820787760296,0,0
209041532,8.210259766300496,0,2
210011226,1.3033702605712687,2,5
210011227,1.9021653738157391,2,5
210011228,3.320398355691226,2,5
210011230,0.9678507123372939,3,7
210011231,2.8370248942837257,2,6
210011533,3.289174753939351,2,6
210011534,1.5735989499002645,3,6
210021232,18.898097020977353,0,0
210021233,16.393687593567822,0,0
210021234,11.21648290721256,0,0
210021235,1.8591452488705198,1,1
210031236,3.0852748697008145,1,9
210031237,4.797120606234109,1,8
210031439,1.7715115574099491,2,5
210031440,5.4399151731542235,0,7
210031535,4.8616920817287985,1,6
210031536,2.622028171219675,2,4
210031537,3.3336099058265667,2,5
210031538,5.135198071141243,0,6
210041240,6.354686064873383,0,1
210041539,5.356631222040292,0,1
210041540,2.6784186965475696,1,1
210041541,7.896414681958347,0,1
210051242,5.256557437407256,0,5
210051243,4.454437118011,1,4
210051245,4.072597162196776,1,4
210051246,9.725877618945733,0,2
210051247,6.867332708005649,0,2
210051248,5.190083440690453,0,3
210051250,1.8087102099604109,2,5
210051441,7.8906573225374945,0,1
210051442,9.438064865877772,0,1
210051443,8.135369248967043,0,1
210051445,13.955716672814214,0,0
210051542,11.499715569662655,0,0
210051543,10.394212285924842,0,0
210051544,4.990546846592513,1,2
210051545,6.89705685724448,0,1
211011251,1.2402068858975546,2,4
211011254,1.1451612801413122,1,5
211011255,5.1470519854585675,0,2
211011256,1.6567521196341406,1,3
211011257,1.9094335829447096,1,3
211011258,3.416055342396884,1,1
211011259,4.150052156619337,2,6
211011260,3.8208944438406274,1,5
211011446,2.9154590061946184,2,4
211011447,5.016774249041195,0,4
211011448,4.12632384535766,1,4
211011449,3.76506537323141,1,5
211021261,3.6044310874218985,2,5
211021262,8.629847394065875,0,5
211031263,1.7726483735672316,2,5
211031265,6.697541212149498,0,5
211031266,3.389911968526167,2,4
211031267,2.1968283047107384,2,5
211031268,3.9388942328268235,1,4
211031450,3.0077575063932307,2,4
211031451,4.762895641611385,1,4
211031452,2.39551912741207,2,4
211041269,3.368552822405906,1,5
211041270,0.38089278360413875,2,4
211041271,1.6521831891408691,2,4
211041272,2.4748312263975283,1,5
211041273,4.274756593444244,1,6
211051274,1.058116968724061,1,3
211051275,3.604942044065196,1,3
211051276,14.5199995661308,0,0
211051277,1.109194831249357,1,3
211051278,1.3959366865133822,1,2
211051279,3.8731216251142535,1,3
211051280,3.434015237263028,1,4
211051281,3.4137946632056373,2,4
211051282,4.016985487028106,1,5
211051283,4.889205831228897,1,4
211051284,4.146634668636391,1,6
211051285,2.432157610474484,1,2
211051286,2.425944698186696,1,1
212011289,11.018765502214643,0,0
212011546,3.0935430845616003,1,4
212011547,15.090012541182215,0,0
212011548,6.634295376722819,0,1
212011549,4.337042001699785,1,1
212011550,4.907791906654295,1,2
212011551,3.7881369332803185,1,1
212011552,1.2952797500202344,1,2
212021293,3.453928926984939,2,2
212021295,5.456796551045028,0,3
212021297,4.134698004552481,1,3
212021299,4.8123138504051814,1,3
212021453,6.296890019226812,0,4
212021454,6.396465187816472,0,3
212021455,2.3623652790823573,1,3
212021456,0.4950770459512954,1,2
212021553,1.6351068472276211,1,3
212021554,3.2562138940599263,2,3
212031300,5.832897119184348,0,3
212031303,4.387059286473327,1,1
212031304,7.054871198467308,0,3
212031306,6.328641418096153,0,4
212031308,9.880984055673306,0,1
212031457,3.649772613397402,2,3
212031458,3.0513600516056516,1,4
212031555,3.7025298049123183,2,3
212031556,2.3461793882078035,1,2
212031557,3.037035782754036,1,3
212031558,3.220594162969057,1,2
212031559,4.872105690630922,1,3
212031560,6.0131933646873374,0,4
212031561,3.546360012920375,1,3
212031562,4.538977986913062,1,3
212041309,1.997217984403173,3,8
212041310,2.2911319610991976,3,7
212041312,6.093782810739549,0,5
212041313,2.5789831092976536,2,7
212041316,6.689602711936883,0,6
212041317,3.9661832736949107,1,7
212041318,4.126210950860699,1,6
212041459,5.8665843092017,0,6
212041460,4.9015234098550655,1,6
212041563,4.628566374249743,1,4
212041564,3.0247857029046807,1,4
212041565,3.2381927883844637,1,4
212041566,2.3119775777327014,1,3
212051319,4.086366287209496,2,7
212051321,4.471673658955561,1,5
212051322,2.851622543005908,1,5
212051323,3.691838956744796,1,6
212051324,1.45704444548272,2,7
212051325,4.607061685670775,2,5
212051326,2.5008461088224565,2,9
212051327,4.610708792715184,2,3
212051567,1.3044782659442768,2,8
212051568,0.10956543528332369,3,8
213011328,1.3590474292305468,1,8
213011329,3.4498340003742025,2,7
213011331,2.125933644560446,1,5
213011332,3.4571400005109227,1,5
213011333,4.3312252530910325,2,4
213011334,4.068087272839198,2,6
213011335,2.4729422131497882,1,7
213011336,2.1804908418456215,2,7
213011337,1.36953870496255,1,8
213011338,2.806581648974326,3,6
213011339,2.0768581516824067,1,3
213011340,1.562215137427382,1,4
213011569,3.3338396809550144,2,5
213011570,4.323077876354634,1,5
213021341,3.3419435058737665,2,4
213021342,5.259853513883914,0,4
213021343,1.687843132501864,2,5
213021344,4.184917033054003,1,5
213021345,3.3207452730155795,1,4
213021346,5.823280150774576,0,4
213031347,3.7355587435738524,3,7
213031348,2.9819015333153986,1,11
213031349,2.7972181987294253,2,7
213031350,4.357950690330795,2,8
213031351,3.024009629352166,2,6
213031352,3.7350827809126317,1,7
213041353,5.28744288169465,0,1
213041358,4.07883057046952,1,2
213041359,5.85984052358251,0,1
213041360,3.649948692910222,1,3
213041461,2.544226860249559,1,3
213041462,4.239041752819569,2,3
213041463,3.0407918330380515,1,3
213041571,4.10269028156001,1,2
213041572,4.51958397488342,1,1
213041573,9.173587526582851,0,1
213041574,8.688508625848087,0,3
213041575,4.323192519352457,1,2
213041576,7.530617722256847,0,1
213041577,1.1908502269142047,1,1
213041578,4.029067052336349,1,1
213051361,2.3618475419167577,2,3
213051362,0.8031340906369591,2,2
213051363,1.6318759753039815,1,6
213051368,8.381613509063445,0,1
213051464,5.901523643834346,0,3
213051466,3.998554471647583,1,2
213051467,2.131179027006913,1,2
213051468,12.786366916590543,0,0
213051579,15.070566443472684,0,0
213051580,2.2439162930256473,1,3
213051581,1.0561571429420007,2,3
213051582,8.247213162152093,0,1
213051583,4.448506181437536,1,3
213051584,6.9402087608497816,0,3
213051585,3.3209138647054437,1,2
213051586,5.301185949499531,0,6
213051587,3.735740421518526,2,5
213051588,3.017006258729003,2,4
213051589,12.133576526279619,0,0
213051590,6.107776327940772,0,2
214011370,0.6420402846744268,1,3
214011371,1.5504337337791188,1,3
214011372,1.4848676733493886,2,2
214011373,4.181412949101858,1,4
214011374,5.2024373581689405,0,3
214011375,2.920256288106704,2,2
214011376,4.171285984389902,1,3
214021377,8.626483726919474,0,1
214021378,9.444322801724914,0,1
214021379,13.413986541418632,0,0
214021381,5.226683608304681,0,3
214021382,5.287913277234684,0,1
214021383,2.3096596602328243,1,3
214021384,1.225407745142399,1,2
214021385,2.0583602790557234,1,2
214021591,0.9664761550127201,1,2
214021592,1.6236987569296233,1,1
215011386,4.78076707778223,1,1
215011387,24.40628446468421,0,0
215011388,1.5038355322671637,2,2
215011389,15.07153278678718,0,0
215011390,26.945411419328895,0,0
215011391,13.261164776967815,0,0
215011392,8.178646115959936,0,1
215011393,9.747920707211643,0,1
215011394,28.419171740149967,0,0
215021395,4.766868217735839,1,1
215021396,11.250976606752687,0,0
215021398,62.06534255564158,0,0
215021399,16.128656005671743,0,0
215021469,2.6273739248697154,1,1
215021470,4.485425427242855,1,1
215031400,27.68536914239379,0,0
215031401,32.510161671672186,0,0
215031402,19.756348738999087,0,0
215031403,62.198860369961636,0,0
215031404,4.645788290629495,1,1
215031405,45.41901511938782,0,0
216011406,2.8546958163933347,1,1
216011407,2.9030533133658825,1,2
216011408,26.0091831309275,0,0
216011409,4.179205959489592,1,1
216011410,27.49433334150873,0,0
216021411,3.4853141107521464,1,1
216021412,33.917010917695585,0,0
216021413,10.478496963797594,0,0
216021414,34.68074741668242,0,0
216031415,6.097395686501689,0,2
216031416,4.8688003394174,2,2
216031418,11.494719974631456,0,0
216031419,2.0432902820563337,1,1
216031593,7.7695198527505225,0,2
216031594,4.369933826019032,2,2
217011420,36.18151966961271,0,0
217011421,0.35036158540506546,1,1
217011422,1.9242770916562233,1,1
217011423,23.39794038793019,0,0
217031471,1.29023782230856,1,1
217031472,32.34947369145967,0,0
217031473,39.46625052274921,0,0
217031474,25.672676846754847,0,0
217031475,10.402924225497527,0,0
217031476,16.165246238250273,0,0
217041477,7.5045418174253795,0,1
217041478,26.333336107639212,0,0
217041479,4.257901516906598,2,2
217041480,6.805249438398943,0,2
301011001,3.0866460289995596,2,2
301011002,4.905572630040646,1,2
301011003,4.038922996712561,1,3
301011004,1.105490488729156,1,2
301011005,5.5392855172211455,0,3
301011006,4.102332962700159,1,2
301021007,0.8786915545267556,1,2
301021008,1.9456165149598819,1,2
301021009,9.150240147102812,0,1
301021011,8.38206440690153,0,1
301021012,4.703302122960071,1,2
301021013,7.193996430615765,0,1
301021550,13.807744875231187,0,0
301021551,1.9692024445035905,1,1
301031014,12.293253948867616,0,0
301031015,5.971815409899312,0,2
301031016,3.9751414033063632,1,2
301031017,2.6072389440467627,1,4
301031018,0.26869133997451977,1,4
301031019,3.305714955139259,1,2
301031020,5.330915030300439,0,2
301031021,2.8323159817207535,1,2
302011022,4.774095521247585,2,4
302011023,4.15273278131602,1,4
302011024,5.1732829780389284,0,5
302011025,1.890916878527038,1,4
302011026,3.7986848420390706,1,4
302021027,4.0035144708651735,1,5
302021028,2.53985716187377,1,5
302021029,4.400745310789209,1,5
302021030,1.1656128867833666,1,5
302021031,3.9850431990583752,2,4
302021032,3.64234839948405,1,4
302021033,3.9262665289487013,1,4
302021034,1.7367930184799611,2,4
302031035,3.260926606451526,2,3
302031036,5.405549039913304,0,4
302031037,2.8248896070773144,2,4
302031038,1.2191728047876487,2,4
302031039,3.4958375483810866,1,3
302031040,2.275409935349139,2,6
302041041,3.386582053482701,1,4
302041042,2.870768466417334,1,4
302041043,1.277724255290824,1,3
302041044,0.10836063559295589,1,3
302041045,3.7561262238017683,2,4
302041046,2.8760989826635037,1,5
303011047,3.8007466208469687,2,5
303011048,3.0749194512814286,1,4
303011049,3.2198963714570246,1,4
303011050,5.246876205388982,0,5
303011051,4.5330187384781615,1,4
303021052,1.9122317406181277,2,4
303021053,2.481105320010128,2,5
303021054,2.5313111719203034,2,4
303021055,2.354253326170142,2,5
303021056,2.9937009196744415,2,4
303021057,1.8753668607344347,2,4
303021058,1.0168069631246028,2,5
303021059,3.1251144044539614,1,4
303031060,4.840486180189606,1,3
303031061,3.901029410141748,1,4
303031062,6.32728801795282,0,6
303031063,3.9058913554630097,1,5
303031064,6.0470409658260085,0,2
303031065,4.8814045409768365,1,4
303031066,6.595169211911872,0,6
303041067,0.41764263754343556,2,5
303041068,1.8335493167887364,2,4
303041069,2.3707855263183752,2,4
303041070,2.3928348208751813,2,3
303041071,0.4056046006622967,3,3
303051072,4.931741040085392,1,5
303051073,4.645488240929725,1,3
303051074,5.099101923338943,0,4
303051075,2.280546576018897,1,4
303051076,2.1034718953719618,1,4
303061077,2.3203116452866777,1,3
303061078,4.246178388324707,1,4
303061079,2.7859185511297353,1,4
303061080,3.5679984182847755,1,5
304011081,3.506845773759581,1,3
304011082,5.258694809923869,0,3
304011083,4.579292700736756,1,3
304011084,4.495262343580282,1,5
304011085,4.949777883153733,1,3
304021086,4.958437591218713,1,5
304021087,6.805570084090804,0,1
304021088,1.7368807254957697,1,4
304021089,3.4533768306801877,1,6
304021090,0.9767813422445756,1,3
304021091,5.827389738274347,0,2
304031092,4.489921922874475,1,5
304031093,5.654354295082329,0,6
304031094,4.480615759966905,1,4
304031095,5.213491488581431,0,5
304031096,3.894481833330947,2,4
304031097,4.968717080292121,1,5
304041098,1.6356792715788178,1,5
304041099,10.427598747890249,0,0
304041100,2.106486717887408,1,1
304041101,0.30577941478460974,1,2
304041102,3.9839554734124154,1,3
304041103,4.891540658231637,1,2
304041104,5.228013862300598,0,1
305011105,2.6114516787894755,1,5
305011106,3.25776152751687,1,6
305011107,2.3941606139342473,1,6
305011108,1.0534408989096902,1,5
305011109,2.114480238402197,1,6
305011110,2.244180618507542,1,5
305011111,3.3072869968137395,1,5
305011112,3.5297823988756076,1,6
305021113,4.000269338413968,2,5
305021114,3.4016471277771436,2,6
305021115,0.5337898532127847,2,5
305021116,2.9237681834991314,1,5
305021117,4.007526104215043,2,5
305021118,2.1783935703051793,1,4
305031119,3.1187299763594623,1,5
305031120,3.0818029323371707,1,4
305031121,1.241935186865907,1,5
305031122,1.8380839862005327,2,5
305031123,4.27269942705184,1,4
305031124,2.10160920131711,1,5
305031125,0.408789360483383,2,5
305031126,4.7084451850729545,1,5
305031127,4.229903955913226,1,4
305031128,4.13480310598106,2,6
305031129,5.0948785961384155,0,4
305031130,4.494816237385081,1,4
305031131,3.2154791389603394,2,4
305041132,3.628994494453226,1,4
305041133,4.753487302377115,1,5
305041134,5.421414854915195,0,4
305041135,4.80395005558601,1,5
305041136,5.263148686563733,0,6
305041137,5.69316582850346,0,4
306011138,7.539022952070179,0,2
306011139,7.012007117432514,0,1
306011140,7.566540591011347,0,2
306011141,7.304869361443495,0,2
306011142,1.5974073516183098,1,1
306011143,3.51485344118232,1,1
306021144,8.8867532592895,0,1
306021145,3.1540192009787478,1,1
306021146,4.635731208987777,1,1
306021147,8.870765880817245,0,1
306021148,13.0934119367549,0,0
306021149,4.816776265960603,1,1
306021150,15.44298071123501,0,0
306021151,4.5427076048541215,1,1
306021152,3.5893110800945935,1,1
306021153,6.51417676181191,0,1
306021154,0.8034059791436579,1,1
306021155,4.187674331303662,1,1
306021156,5.955887638667777,0,2
306021157,3.1520282189239457,1,1
306031158,48.743650112342955,0,0
306031159,39.844657378634274,0,0
306031160,27.24557161063062,0,0
306031161,19.52538637127796,0,0
306031162,42.22588041074372,0,0
306031163,14.709237624731934,0,0
306041164,84.09812237427751,0,0
306041165,35.20332552547233,0,0
306051166,25.24529511521947,0,0
306051167,51.98434408089759,0,0
306051168,13.727100705865116,0,0
306051169,30.241340654921032,0,0
306051170,9.4141056215395,0,1
307011171,54.6384616276608,0,0
307011172,41.20386223072803,0,0
307011173,16.85824906689088,0,0
307011174,16.235990974277435,0,0
307011175,31.6264471859672,0,0
307011176,1.9157123724734029,1,1
307011177,31.660146910430885,0,0
307011178,38.5001560961911,0,0
307021179,37.646851062727464,0,0
307021180,23.18113880872969,0,0
307021181,15.115429989986966,0,0
307021182,5.020553201883848,0,1
307021183,19.245852117067283,0,0
307031184,10.042351156179262,0,0
307031185,14.086916865319385,0,0
307031186,22.895720793900683,0,0
307031187,0.7225022535208016,1,1
307031188,22.577717035576843,0,0
307031189,22.395187780283678,0,0
308011190,59.2655859001286,0,0
308011191,8.364369309455029,0,1
308011192,0.7305556012695616,1,1
308031205,1.3686373823272144,2,2
308031206,30.841749138816596,0,0
308031207,15.166533615996885,0,0
308031208,5.672379161590334,0,2
308031209,13.188235241519957,0,0
308031210,17.148380022164112,0,0
308031211,4.7578700527444715,1,2
308031212,41.160856620711016,0,0
308031213,5.247332123477079,0,2
308031214,1.375583728797666,2,2
308031215,2.8554066502686264,1,2
308031216,5.848208304543075,0,2
308031217,5.696255577752864,0,2
308031218,19.101434981772947,0,0
308031219,78.8566606277333,0,0
308031220,47.8798233225485,0,0
308031221,63.08513530826617,0,0
308031222,3.3358646375983776,1,2
308031223,2.688408638923647,1,1
308041528,40.74715113499818,0,0
308041529,0.7056333039039188,1,1
308051530,78.86349897229009,0,0
308051531,98.48518087408038,0,0
308051532,87.52739443006143,0,0
308051533,92.08195463778479,0,0
308051534,92.81649995617471,0,0
308051535,68.7341567602091,0,0
308051536,93.56260526281474,0,0
308051537,97.62815226692304,0,0
308051538,94.18541427193696,0,0
308051539,92.03032583975175,0,0
309011224,2.4955429332883616,1,3
309011225,0.5902245256568001,1,1
309011226,1.2384584575013167,1,2
309011227,4.452875450027757,1,2
309011228,5.116340729414559,0,3
309011229,3.3875011650990423,1,2
309021230,12.804552552191756,0,0
309021231,8.397027422183573,0,1
309021232,6.931153954934233,0,1
309021233,4.520278400026448,1,1
309021234,3.689465263871141,1,1
309031235,8.724650301578237,0,2
309031236,8.564076915915992,0,1
309031237,7.506018849720344,0,1
309031238,6.660957372060788,0,1
309031239,8.097016711969097,0,1
309031240,9.754525887317534,0,1
309041241,9.351697863615943,0,1
309041242,18.309418409257137,0,0
309051243,11.273280744583307,0,0
309051244,6.311784814517389,0,2
309051245,3.329203637556463,1,2
309061246,4.414954175739503,1,2
309061247,5.658156835570427,0,2
309061248,9.075560323490379,0,1
309061249,9.375949998304817,0,1
309061250,1.480116793638483,1,2
309071251,2.8776330698682795,1,1
309071252,4.664321775675344,1,1
309071253,8.28701614145626,0,1
309071254,11.417158631903282,0,0
309071256,6.849695154838093,0,1
309071552,5.7813750324550774,0,2
309071553,7.017903513356322,0,1
309071554,6.004607083888156,0,1
309071555,3.7818133538448064,1,1
309071556,6.629154277907325,0,2
309071557,2.4499388491848935,1,1
309071558,7.1228456032555405,0,1
309081259,4.1755650273590925,1,3
309081260,4.300839003845881,1,3
309081262,2.2408768289198675,1,3
309081559,4.120405796891935,1,3
309081560,4.735052025894791,1,3
309091263,3.5764810890255028,1,2
309091264,5.775888807293777,0,1
309091265,7.154357523781212,0,1
309091540,4.619544927811161,1,1
309091541,2.4442495786170872,1,1
309101267,2.1412559088695087,1,2
309101268,0.678267903651547,1,2
309101269,5.6917949772523615,0,1
309101561,2.1625158763893872,1,1
309101562,1.544405010824182,1,2
310011271,3.865530351917356,2,4
310011272,3.163336939943464,1,5
310011274,1.2423980255045382,2,5
310011275,4.819679311736167,1,5
310011276,1.6193729910293082,2,4
310011563,2.9985205154042207,1,4
310011564,2.0414397759895286,2,5
310021277,5.8519924484951185,0,2
310021278,14.638445414540481,0,0
310021279,11.879468458027038,0,0
310021280,9.131892655443279,0,1
310021281,2.5820064377722276,1,2
310021282,19.580444090392792,0,0
310031283,3.889132229029374,1,2
310031284,1.771031196192854,2,3
310031285,4.356613375662859,1,2
310031286,0.8899210168809043,2,2
310031287,0.9585803248758555,2,2
310031288,8.159460935455982,0,2
310031289,6.326729237411429,0,3
310031290,10.102204441803602,0,0
310031291,4.789029822488362,1,2
310031292,2.90978005980863,2,2
310031293,3.2690425180376037,2,2
310031294,9.253554183110579,0,1
310031295,5.184299323498231,0,4
310041297,3.203065780518243,3,3
310041298,2.4261695582603515,2,3
310041299,5.275231733065443,0,5
310041300,2.6231507686302766,2,4
310041301,3.9364995572301487,1,4
310041302,4.209028840005392,1,4
310041303,1.6819257616834646,1,3
310041304,3.743474888690787,1,2
310041565,1.0573959330748364,1,3
310041566,1.9592337873902308,2,4
311011305,18.06487397852503,0,0
311021306,1.0137770122214922,2,2
311021307,2.61444233993623,2,2
311021308,1.3957121072378398,2,2
311021309,1.5165016407755336,1,2
311021310,5.457172804044211,0,2
311031311,4.464734360723587,1,1
311031312,2.4424366349294924,1,2
311031313,9.127440548855823,0,2
311031314,5.217910631435929,0,3
311031315,6.669256238666602,0,4
311031316,2.5957375125089936,1,2
311031317,5.942097848035566,0,3
311031318,8.111969725912571,0,1
311031319,2.0737207842494505,1,2
311041322,10.273694576949866,0,0
311041567,5.384990108386092,0,1
311041568,14.232025542280127,0,0
311041569,10.527360497108273,0,0
311041570,4.209394706460676,1,1
311041571,11.277476700158154,0,0
311051323,2.152945455559896,1,3
311051324,6.448264349750274,0,2
311051325,2.2669042725670376,2,3
311051326,4.395254583098766,1,4
311051327,5.406349502811167,0,3
311051328,4.477209851206648,1,4
311061329,4.584757912476412,1,2
311061330,4.519067062190433,1,3
311061331,3.4943270291962425,1,3
311061332,3.8495416731890617,1,2
311061333,3.2125587939093156,1,3
311061334,2.483182044073157,1,2
311061335,1.0985738817340918,1,3
311061336,1.3240462653051766,1,3
312011337,1.4685486028393693,1,1
312011338,58.530194428984714,0,0
312011339,82.81072877895106,0,0
312011340,31.366209400480056,0,0
312011341,17.4973013906224,0,0
312021342,4.1529056976525265,1,3
312021343,3.154304929935642,2,2
312021344,0.22774182906174067,1,2
312021345,54.678828343756514,0,0
312021346,0.7027282705009682,2,3
312021347,5.2250416422717985,0,3
312021348,6.682049418778233,0,3
312021349,2.905276640233264,1,3
312021350,1.710279148330744,1,2
312021351,25.378019762826465,0,0
312021352,17.72228601992827,0,0
312021353,35.31778701659731,0,0
312021354,4.232678952056349,1,1
312021355,5.55067129073857,0,2
312021356,2.093084463847465,2,2
312021357,15.387688072174992,0,0
312021358,1.5305476183964257,2,2
312031359,18.25551305945631,0,0
312031360,15.20741834746607,0,0
312031361,10.037243763962374,0,0
313011362,10.055665609876012,0,0
313011363,11.188936310693661,0,0
313021364,5.769516715945157,0,2
313021366,1.5517513051933438,1,1
313021367,11.022127306016953,0,0
313021368,1.8637006378671308,1,1
313021369,10.700099951438327,0,0
313021572,6.886025589485405,0,1
313021573,6.463017314750755,0,1
313031370,25.298311174050706,0,0
313031371,1.4405055864048828,1,1
313041372,4.896030641081357,1,3
313041373,5.8309256534636,0,3
313041374,4.267062439289562,1,2
313041375,3.82731849289746,1,2
313041376,7.9936561820237655,0,1
313051377,7.071728162584411,0,2
313051378,8.64141482185225,0,2
313051379,9.455148866429628,0,1
313051380,5.584343414991232,0,1
313051574,25.273717989140504,0,0
313051575,8.977825837829233,0,1
314011382,3.885000599436584,1,3
314011383,5.670878766603736,0,1
314011384,14.362089975157806,0,0
314011385,4.2461675505004,1,2
314011386,4.718274951864738,1,2
314011387,14.010487092584706,0,0
314021389,4.436706607727355,1,3
314021576,2.9547430085791513,2,2
314021577,2.4687185040765645,1,3
314021578,3.4285316042101,1,3
314021579,1.3754143250042918,1,2
314031391,3.0828781185038245,1,2
314031392,4.385531052076274,1,4
314031393,5.185347748621934,0,3
314031394,1.1397257736851534,1,3
315011395,108.8218065791021,0,0
315011396,225.66649397714366,0,0
315011397,277.92776834627983,0,0
315011398,256.8152938165561,0,0
315011399,47.85386149851528,0,0
315011400,159.47399733643377,0,0
315011401,26.643151006141082,0,0
315011402,82.2072592127712,0,0
315011403,2.0044711734319467,1,1
315021404,330.2659374879771,0,0
315021405,103.79606882778785,0,0
315021406,90.56199125970758,0,0
315021407,131.3943235236981,0,0
315031408,48.248205484726064,0,0
315031409,34.369803029736566,0,0
315031410,286.40253443287696,0,0
315031411,192.25915840964254,0,0
315031412,42.640511096971636,0,0
316011413,1.0326385060627066,2,2
316011414,4.383716591803954,2,3
316011415,5.340739811614596,0,3
316011416,5.121834185377012,0,5
316021417,3.1704560793289827,3,4
316021418,5.5635422668353485,0,3
316021419,0.9645805908196657,2,4
316021421,2.9501236466178686,3,4
316021422,2.37123542592178,3,4
316021423,2.5767144418188597,1,3
316021424,0.5644871481459879,1,4
316021580,1.4401296058492494,2,4
316021581,4.1594636817720945,3,4
316031425,1.2281636411718828,1,2
316031426,6.94226005187701,0,3
316031427,3.56014991765644,2,2
316031428,6.800270960255891,0,3
316051434,2.8666166799897757,2,3
316051435,1.7314723318909397,2,3
316051437,4.126740364224724,2,3
316051438,4.06884841315571,2,2
316051543,1.7098574538119808,1,4
316051544,2.7967872189719603,2,3
316061439,4.964907163622282,1,1
316061440,8.794226829542726,0,1
316061441,2.9973862266221025,1,1
316061442,3.920002831296056,1,2
316061443,17.80573395040482,0,0
316061444,7.06287521130722,0,2
316071545,6.5247320262503035,0,4
316071546,4.240111631729868,2,3
316071547,9.807572697791715,0,1
316071548,1.0825458160637285,1,1
316081549,9.651841025031226,0,1
317011445,11.214213749977848,0,0
317011446,0.15356046759280914,1,4
317011447,2.44256158969935,1,4
317011448,0.91765187227578,1,1
317011449,11.540669508255462,0,0
317011450,13.611346046336962,0,0
317011451,14.148013513190987,0,0
317011452,3.400409715733778,1,4
317011453,1.5657537846661653,3,4
317011454,2.0366247520727,3,4
317011455,4.293575560572024,1,4
317011456,1.8227702248942306,4,4
317011457,2.414852103878934,2,4
317011458,7.861988574646718,0,2
317011459,2.1938111726381986,3,4
318011460,0.5990450720190618,1,1
318011461,33.236071270421384,0,0
318011462,1.0839247342234768,1,1
318011463,50.495709173050365,0,0
318011464,0.8963338795627964,2,2
318011465,12.149931205261188,0,0
318011466,47.07955810699642,0,0
318021467,0.2583350856767326,2,3
318021468,3.3656415367118444,1,3
318021469,7.06121527324376,0,2
318021470,13.270169697573413,0,0
318021471,9.700434111139755,0,1
318021472,1.954607661331585,2,3
318021474,7.700180965903464,0,1
318021475,1.848889684867727,3,3
318021476,1.2711129723547225,3,3
318021477,2.18303385487211,2,3
318021478,2.917402359506033,3,3
318021479,2.33246044844861,3,3
318021480,17.821166983035134,0,0
318021481,3.2656103814374116,2,3
318021482,5.289498063573445,0,3
318021483,2.8317393061676532,1,1
318021484,4.316464104092365,1,3
318021485,1.5572250654193767,3,3
318021486,36.495024328470045,0,0
318021487,4.898542503638796,1,3
318021488,2.329122660438964,1,3
318021489,28.02864525190628,0,0
318021490,1.1054834177735455,1,3
318021491,8.306682585932982,0,2
318021582,10.857189843138618,0,0
318021583,12.170906025714716,0,0
319011492,4.029384974406832,1,2
319011493,8.34413286012609,0,1
319011494,4.843529498568351,1,2
319011495,0.20040797445302524,2,2
319011496,4.016375026376404,1,2
319011497,4.602971734768328,1,2
319011498,24.443858863270727,0,0
319011499,9.7828883996743,0,1
319011500,1.731374774003926,2,2
319011501,1.5033228551975226,2,2
319011502,3.578024289020809,2,2
319021503,16.9340652347761,0,0
319021504,54.686243866204556,0,0
319021505,1.2073952725063621,1,1
319021506,38.99780123671883,0,0
319021507,22.31335107047784,0,0
319021508,29.71221204166364,0,0
319021509,20.730662088714183,0,0
319021510,40.40102860847513,0,0
319031511,9.132744197082133,0,1
319031512,1.9320654341439696,1,1
319031513,3.04647605109748,1,1
319031514,7.337459919038199,0,1
319031515,27.43798640369519,0,0
319041516,8.609319156758977,0,1
319041517,9.146336283571832,0,1
319041518,2.585809637318114,1,1
319041519,4.436477609487339,1,1
319041520,1.5748082327612714,1,1
319041521,4.286881214789841,1,1
319051522,8.458558618117525,0,1
319051523,4.599615510443471,1,1
319051524,6.172449180691105,0,1
319051525,25.770889580886347,0,0
319051526,2.2741353928099777,1,1
401011001,2.786381944008226,4,7
401011002,1.910576185075647,3,8
401021003,19.292323740309,0,0
401021004,2.7427585700325054,1,2
401021005,7.680375522405825,0,2
401021006,5.033855907514746,0,1
401021007,0.43823471028295224,2,2
401021008,4.1077712300393605,1,2
401021009,5.621664860064263,0,3
401021010,1.490937954042968,1,3
401031011,3.1644739992699185,2,6
401031012,4.403271210642686,2,8
401031013,2.1129685186365426,3,8
401041014,5.4910154490557925,0,4
401041015,2.693891677417596,2,5
401041016,2.369889538687867,2,6
401051017,0.6361581339574902,3,7
401051018,0.6428576449211376,3,8
401051019,1.8824099603986693,4,8
401061020,3.846553940633211,4,7
401061021,3.7010506463816366,1,7
401061022,3.344442896810787,4,7
401071023,2.0613886789540685,3,9
401071024,1.2347779427237133,2,8
402011025,5.339424193788351,0,1
402011026,1.6270486205271868,1,1
402011027,6.987747470899221,0,1
402021028,5.048234992586568,0,2
402021029,3.3590460244721285,1,2
402021030,2.37088263912322,1,1
402021031,1.6351564303940802,1,1
402021032,7.70871270320362,0,2
402021033,9.275555016679512,0,1
402021034,3.3136327667118772,1,1
402021035,2.5822245711368423,1,1
402031036,3.5282251480710776,2,6
402031038,0.9730131509140134,2,6
402031175,1.4445459101404983,1,5
402031176,2.580223072900592,1,4
402041039,6.775345520337469,0,1
402041040,3.5989569508561385,1,4
402041041,6.6451800199425435,0,3
402041042,7.399293669459974,0,3
402041043,8.040212048627208,0,3
402041044,7.524364426734053,0,1
402041046,6.613275820018472,0,1
402041047,6.0460123112032615,0,1
402041048,4.216683892800817,1,2
402041171,5.9102783591261145,0,2
402041172,4.758168211850423,1,3
402051049,8.487674458581575,0,1
402051050,6.67515693550962,0,1
402051051,6.637207688099199,0,3
402051052,4.640709086480699,1,3
402051053,7.0009055734003445,0,1
402051054,10.32843888483076,0,0
402051055,8.398726207625046,0,1
403011056,0.2923595078190201,3,5
403011057,0.9933853135286308,3,7
403021058,3.34105953575771,3,8
403021059,3.6737406349210446,1,4
403021060,3.363374304425088,2,5
403021061,1.0215825016956968,3,7
403021062,1.524063885888848,3,7
403021063,2.3692368855147707,1,5
403021064,0.9327599245160318,3,6
403031065,3.981006885110317,1,5
403031066,2.826874379599407,2,6
403031067,1.096460005823341,1,5
403031068,2.844710109953062,2,8
403031069,1.9207397772575392,2,10
403031070,3.4121744706006876,3,7
403041071,6.161349972952062,0,3
403041072,10.416931269929176,0,0
403041073,1.9966847380054733,2,4
403041074,3.316440454290519,2,3
403041075,10.77132651339176,0,0
403041076,2.585178446495484,1,6
403041077,4.257910118329677,2,6
403041078,3.992729048945389,1,4
403041079,1.8372221218860945,2,4
403041080,3.590185099144993,1,5
403041081,4.038483717723412,1,5
403041082,3.4159275062136025,2,3
403041083,2.6628162387174164,1,3
403041084,2.4533633496908562,2,3
403041085,1.135976210825638,2,3
403041086,0.94123156868477,2,5
403041088,7.005902479930302,0,1
403041089,2.9471364710053596,1,2
403041177,0.4522758884766591,1,3
403041178,4.895414499886195,1,2
404011090,4.12089321344094,2,5
404011091,2.8103000731355703,2,6
404011092,4.877686652955547,1,4
404011093,2.007909030134566,2,8
404011094,5.6569276665532,0,3
404011095,5.694704100382015,0,4
404011096,7.2655634328860925,0,3
404011097,3.6160267311303116,1,4
404021098,2.589333488973267,1,2
404021099,6.599077834679513,0,1
404021100,8.253338031702654,0,1
404021101,4.013687500716596,1,3
404021102,1.4230289160897494,1,6
404021103,6.7359361436450635,0,1
404031104,3.6056689982588814,2,6
404031105,4.1217443095988635,1,6
404031106,1.9015657142275038,2,7
404031107,3.049516977652321,2,8
404031108,0.9111452805000854,2,8
404031109,4.001826605878101,1,6
405011110,14.721618646217408,0,0
405011111,7.781644553474253,0,1
405011112,3.0985667321511476,1,1
405011113,24.704310979292114,0,0
405011114,0.4861696411642535,1,1
405011115,6.161182677712905,0,1
405021116,1.3565035569596824,2,2
405021117,16.70015335261885,0,0
405021118,13.027923469558301,0,0
405021119,36.09783154861748,0,0
405031120,11.103100876975642,0,0
405031121,36.141377187863284,0,0
405031122,0.8663647265000732,1,1
405031123,9.37813682052916,0,1
405041124,10.243916477973633,0,0
405041125,8.019473033534963,0,2
405041126,5.565002575872946,0,2
405041127,9.495601448691094,0,1
405041128,41.01806487527664,0,0
406011129,10.061069347503292,0,0
406011130,8.259009838591982,0,1
406011131,21.028750618689383,0,0
406011132,105.39590578521607,0,0
406011133,3.3189281864136597,1,2
406011134,87.56778408562681,0,0
406011135,330.3229942327233,0,0
406011136,3.0305316666732685,1,1
406011137,7.246446550457824,0,1
406021138,409.1023814689466,0,0
406021139,0.3787666987556863,1,1
406021140,51.79253751860845,0,0
406021141,160.93992238960612,0,0
406021142,3.266127773527863,1,1
406021143,10.184422630877338,0,0
407011144,2.2158447756982693,1,1
407011145,40.89158854808246,0,0
407011146,3.593294920698617,1,1
407011147,9.137581289943784,0,1
407011148,9.344393588894373,0,1
407011149,9.091171748961324,0,1
407021150,2.3025136906533787,2,2
407021151,15.863210364245413,0,0
407021152,1.0910932462091734,1,1
407021154,1.066793642757823,1,1
407021155,17.846376651700492,0,0
407021156,4.171961109777389,1,1
407021157,19.26147597697809,0,0
407021158,8.318090172410335,0,1
407021173,5.814579055680159,0,2
407021174,3.601153158728032,2,2
407031159,2.605521765572406,1,1
407031160,2.2181700471684667,1,1
407031161,20.05243055413644,0,0
407031162,3.1602302171801626,1,1
407031163,18.863488299088257,0,0
407031164,23.246638034564416,0,0
407031165,24.236017091194046,0,0
407031166,25.242944387198666,0,0
407031167,0.5420800572112673,1,1
407031168,6.193580972699076,0,1
407031169,34.47380975303065,0,0
407031170,19.773946013669157,0,0
501011001,18.957672437315445,0,0
501011003,8.054811007736541,0,1
501011004,4.48121487470833,1,1
501011293,4.71948509522842,1,1
501011294,7.833120189289759,0,1
501021005,10.469237143706522,0,0
501021007,23.401426350178713,0,0
501021008,2.778094465305274,2,2
501021009,37.213631769907465,0,0
501021010,20.309762504858536,0,0
501021011,4.543814439804034,1,2
501021012,6.60496001690818,0,2
501021014,2.9538246412032465,1,1
501021015,2.6248901789041543,2,2
501021016,1.298950407295629,1,1
501021251,8.24381150955171,0,2
501021252,12.95153544290394,0,0
501021253,1.1435359568051995,2,2
501021254,4.190927228814393,1,2
501031017,26.075727451511366,0,0
501031018,35.38875008821515,0,0
501031019,3.9298060693093926,1,1
501031020,21.837995579715148,0,0
502011021,22.604482902105282,0,0
502011022,9.918515504501908,0,1
502011023,1.506530899562552,2,2
502011024,4.093667241991532,1,2
502011025,0.38937680218429943,2,2
502011026,6.317602729321006,0,2
502011027,4.682654754170509,1,2
502011028,2.8345966087280923,2,2
502011029,0.9292575580145236,1,1
503011030,5.754239893493476,0,3
503011031,7.9519186737598035,0,4
503011032,7.161373377470209,0,1
503011033,4.274287735683561,1,3
503011034,5.08595946006222,0,1
503011035,6.448091965879444,0,4
503011036,7.667320599192249,0,4
503021037,2.941692865578557,1,3
503021038,2.56487379450971,3,5
503021039,3.0529655202628265,1,5
503021040,1.9536948631358528,3,5
503021042,3.9643366070196855,1,3
503021043,3.0876148376079975,3,3
503021295,2.4693469289177874,1,5
503021296,0.815261860959786,1,3
503021297,0.8283974849543988,1,3
504011044,5.582654806072393,0,5
504011045,6.442397138578444,0,7
504011046,4.380766430998899,1,7
504011047,4.008060930324146,2,6
504011048,2.157253445889715,2,5
504021049,11.790704686741908,0,0
504021050,8.826246530025452,0,2
504021051,4.79278225543044,1,2
504021052,11.9205656049478,0,0
504021053,3.5140541804096332,1,1
504021054,4.405231632723536,1,2
504031055,27.143081187463064,0,0
504031056,3.0473976583113114,2,2
504031057,5.812359652402091,0,3
504031058,24.73811963151107,0,0
504031060,14.07315982123258,0,0
504031061,2.5917444540024865,1,3
504031062,3.572165430889164,1,3
504031063,0.47460304510793194,2,4
504031064,13.855284600820266,0,0
504031065,5.7353621024364125,0,1
504031066,0.2633265051940675,1,1
504031067,8.56131279947849,0,1
504031068,13.683376540128503,0,0
504031069,20.19413140692985,0,0
504031298,12.202244422000629,0,0
504031299,8.997181997945376,0,3
504031300,11.986378945757947,0,0
505011070,2.5124692297614484,1,2
505011071,2.128325413154876,1,2
505011072,3.988926188529026,1,3
505011073,5.830231054473662,0,5
505011074,2.254631507100938,1,2
505011075,1.1943570541929776,1,2
505011076,3.6165454835683484,1,2
505011077,1.6569606896569145,1,2
505011078,4.551165014375285,1,3
505011079,2.239544519574414,1,2
505011080,3.350023783358141,1,2
505011081,1.5112360973533687,1,2
505011082,3.1941022970054647,1,1
505011083,4.3447852782374365,1,2
505021084,4.308097384210229,2,6
505021085,3.692594378966619,2,5
505021087,1.8683460620961323,2,3
505021088,2.7814189447709357,2,3
505021089,5.431607824907953,0,3
505021090,3.30261774778325,2,5
505021091,0.26940710988587385,2,5
505021092,4.809334119471468,1,3
505021093,1.7825033238076875,2,5
505021094,6.980682613740262,0,3
505021095,0.6479596487944486,3,5
505021096,3.1779833846377703,2,3
505021097,2.462495575967752,3,5
505021301,3.598096565563298,3,5
505021302,4.342913022532735,1,5
505031098,3.0117258330524463,2,4
505031099,10.634686646037082,0,0
505031100,6.297136953079325,0,1
505031101,5.745254112613931,0,1
505031102,4.950324578240481,1,5
505031104,5.674711779288258,0,5
505031105,9.764099577901806,0,1
505031106,6.25884136323042,0,1
505031107,8.007863914200852,0,1
505031255,17.11408578856767,0,0
505031256,18.77378436943695,0,0
505031257,30.888140788607913,0,0
505031258,23.621687258597742,0,0
505031303,9.352297678529277,0,4
505031304,5.236004296883212,0,2
505031305,7.500559376706557,0,3
505031306,4.4910684081185615,1,2
506011110,13.080632423927035,0,0
506011111,24.507790314773615,0,0
506011112,9.111611301191008,0,1
506011114,11.593379501775237,0,0
506011115,15.493419069754435,0,0
506011116,16.318586872271972,0,0
506011117,10.52347964229496,0,0
506011307,6.214554866691932,0,1
506011308,9.918131455671032,0,1
506021118,5.182718690985573,0,4
506021119,4.8253989183455674,2,4
506021120,0.29556278028758903,2,4
506021121,4.192710648497706,1,4
506021123,4.5214789331763,1,4
506021309,2.6845382783808107,1,4
506021310,2.823009167862751,2,4
506021311,4.91577031662424,1,3
506031124,3.4863442036713974,1,4
506031125,3.091259295116745,1,2
506031126,0.771892725433584,1,2
506031127,0.6605336813394201,2,3
506031128,2.602885495873658,2,3
506031129,4.383136136952108,1,4
506031130,1.64398267337657,2,3
506031131,3.1463877476359294,1,3
506041132,2.5497166844827226,1,3
506041133,2.8083091452070845,1,2
506041134,7.312129729357924,0,2
506041135,5.755467573683585,0,2
506041136,9.446165609280985,0,2
506041137,3.416447188355593,2,3
506051138,4.144624291159852,2,3
506051139,5.779828890363757,0,4
506051140,1.9279666650029927,1,3
506051141,10.052475930400478,0,0
506061142,9.844681919222275,0,1
506061143,3.823984454142956,1,1
506061144,12.063826261875978,0,0
506071145,6.254962021509535,0,5
506071146,6.643665693044742,0,5
506071147,4.306897052204067,1,5
507011148,9.679921119382062,0,1
507011150,6.137518604097729,0,1
507011151,5.430595197713219,0,2
507011152,8.443676611471107,0,1
507011153,3.8140381170879443,1,1
507011154,3.4898134919882935,1,1
507011155,12.097702264271721,0,0
507011158,5.094142756893175,0,1
507011159,7.851947160463759,0,2
507011160,5.623951869305173,0,1
507011161,11.80128609819217,0,0
507011163,7.92346016312127,0,1
507011259,11.49800335276357,0,0
507011260,6.255932975113464,0,2
507021164,2.5088424710815445,1,1
507021165,18.23233322462053,0,0
507021166,2.083626916815374,1,1
507021167,0.7451708667530906,1,1
507031169,7.241358407398582,0,1
507031170,4.755581129475576,1,1
507031172,9.911616177289824,0,1
507031173,7.289202082569,0,1
507031174,7.578564763387392,0,1
507031261,12.121972734734985,0,0
507041175,6.012656538144787,0,3
507041176,5.682759067741462,0,2
507041177,2.0137524742599315,1,1
507041178,5.610824448237246,0,3
507041179,5.370311389795713,0,3
507041180,5.164355518185626,0,3
507041181,2.87752176122861,1,1
507041182,3.982474177460597,1,2
507041183,1.7304415939210562,1,1
507041184,4.020444846182268,1,2
507051186,0.9507118747114471,1,1
507051187,9.970420915586006,0,1
507051188,5.393115101667258,0,1
507051189,4.180714779837282,1,1
507051190,4.111794373910275,1,1
507051191,10.869516163556316,0,0
507051192,3.606348398121125,1,1
507051193,6.000090823687124,0,1
507051312,8.145057535705796,0,1
507051313,9.600303744669613,0,1
507051314,12.109495798142728,0,0
509011225,47.24724944016222,0,0
509011226,50.63599691790748,0,0
509011227,43.99193080525599,0,0
509011228,22.761954940316535,0,0
509011229,72.76643242363127,0,0
509011230,10.4619827011449,0,0
509011231,30.397562396418802,0,0
509011232,44.555392423913325,0,0
509011233,39.65507737347216,0,0
509011234,14.605341183152207,0,0
509011235,43.27308115557538,0,0
509021236,2.122084111891441,1,1
509021237,25.928285400861878,0,0
509021238,36.69549586459934,0,0
509021239,43.928683842731495,0,0
509021240,41.4094465043707,0,0
509021241,13.880307608169222,0,0
509021242,64.41145683778824,0,0
509021243,21.986246946781012,0,0
509021244,12.047263594200649,0,0
509021245,15.992441111802737,0,0
509031246,21.147597505044452,0,0
509031247,43.00244975691029,0,0
509031248,15.908103628352476,0,0
509031249,5.806079124721327,0,1
509031250,32.61484106402595,0,0
510011262,1.712951079217641,1,1
510011263,144.88253049878094,0,0
510011264,401.68597545130086,0,0
510011265,183.07007959967063,0,0
510011266,81.67663807655822,0,0
510021267,412.6391517569855,0,0
510021268,1.8437701228754677,1,1
510021269,7.300806840718875,0,1
510021270,0.3718182129999899,1,1
510031271,112.27414516187177,0,0
510031272,2.5523061829362512,2,2
510031273,40.30861987597792,0,0
511011274,313.7518400450984,0,0
511011275,282.5274236638023,0,0
511021276,4.916456595773166,1,1
511021277,159.83440198508353,0,0
511031278,0.7828927297754175,1,1
511031279,3.498096597665436,1,1
511031280,6.559231637703302,0,1
511031281,3.09774772241553,1,1
511031282,267.7048259208501,0,0
511031283,519.9240906325118,0,0
511031284,3.0047709313285242,1,1
511041285,1.5920342367883942,1,1
511041286,6.131404942948346,0,1
511041287,11.746355183214687,0,0
511041288,9.436261218615737,0,1
511041289,17.593947305501707,0,0
511041290,301.8787172026306,0,0
511041291,40.759534343182175,0,0
511041292,45.49999942829956,0,0
601011001,11.369640515627506,0,0
601011002,15.071475320166748,0,0
601011003,7.6624115474371735,0,2
601021004,0.9863364926804522,2,4
601021005,7.4244857239761,0,1
601021006,4.387229520816698,1,4
601021007,3.854199694585376,1,2
601021008,2.937662887119668,1,4
601021009,1.630125715927729,1,4
601021010,7.336494178600163,0,3
601021011,5.473452928609491,0,2
601021012,13.887367588340096,0,0
601031013,10.873230795741941,0,0
601031014,7.076246056455947,0,2
601031015,7.317678647569766,0,2
601031016,1.3895287826213445,2,4
601031017,1.7083758577513248,2,4
601031018,3.0293292753963708,2,3
601031019,0.1499544692957841,2,4
601031020,3.6594525497452652,1,1
601031021,1.3607185102405475,2,4
601041022,3.321781408897323,2,2
601041023,4.545283992649231,1,2
601041024,10.060234938720038,0,0
601041025,9.386735097787566,0,2
601041026,3.9486870678187476,2,4
601051027,0.9830343620832991,3,4
601051028,3.3674328140556695,3,4
601051029,3.7916634201246007,1,6
601051030,1.6252976326223851,3,4
601051031,3.3152156291016017,1,6
601051032,5.4503250014776325,0,6
601051033,1.9536818830969873,2,4
601061034,16.431157992243353,0,0
601061035,4.984606670066048,1,1
602011036,0.48263253455504657,2,2
602011037,4.598123074876518,1,2
602011038,0.8658364163994196,2,2
602011039,8.883966452778767,0,2
602011040,2.0386173518172046,2,2
602011041,3.8662416539334368,1,2
602011042,2.5252004447447187,2,2
602011043,4.801190278572367,1,2
602011044,5.620601663424236,0,2
602011045,3.929246726886083,2,2
602011046,7.064824146444478,0,2
602011047,2.7513645345735283,2,2
602011048,5.275069891031089,0,2
602011049,2.7853842710609467,2,2
602011050,8.626901167035832,0,2
602011051,2.4776949627127443,2,2
602011052,7.697444421783891,0,2
602021053,18.843927352283867,0,0
602021054,28.71517631661508,0,0
602021055,5.777420512728052,0,1
602021056,13.509265347482575,0,0
602021057,4.071767458565635,1,1
602031058,18.827429595356804,0,0
602031059,23.23069234353974,0,0
602031060,19.91818873756656,0,0
602031061,54.750018715954816,0,0
602031062,18.577769863375146,0,0
602031064,19.742052122078444,0,0
602031099,125.54914466391045,0,0
602031100,20.34982383893931,0,0
603011065,71.53007075707188,0,0
603011066,20.67928995927237,0,0
603011067,40.094868193236294,0,0
603011068,51.04169346723571,0,0
603021069,22.67704153069843,0,0
603021070,2.652455619925478,1,1
603021071,15.347300103582649,0,0
603021072,10.3389360176621,0,0
603031073,37.58596969042362,0,0
603031074,17.428864019001455,0,0
604011075,2.284765879782401,1,1
604011076,23.071180450831726,0,0
604011077,1.0362451425518626,1,1
604011078,5.084756986942802,0,1
604011079,11.892854739053316,0,0
604011080,3.452359054910265,1,1
604011081,10.293960830091361,0,0
604011082,1.6326145236022283,1,1
604011083,4.8669696971517125,1,1
604011084,17.693716064197986,0,0
604021085,0.5508853741297941,2,3
604021086,2.9179272548900332,2,3
604021087,9.625251591778143,0,1
604021088,2.690736192701095,2,3
604021089,6.719333283161175,0,1
604021090,5.368578417865027,0,3
604021091,31.2294634573616,0,0
604021092,7.848654852003198,0,3
604031093,13.857748132035166,0,0
604031094,28.136270076377496,0,0
604031095,1.4938933925973759,1,1
604031096,50.884042183280755,0,0
604031097,97.26933907937669,0,0
604031098,112.51022807510864,0,0
701011001,2.650917866692222,1,1
701011002,4.38849716146065,1,1
701011003,5.10315786968897,0,1
701011004,3.703751989537456,1,1
701011005,5.546603895929059,0,1
701011006,2.748124987011655,1,1
701011007,2.8799652269938236,1,1
701011008,3.2242892010857904,1,1
701011009,0.43936135857182507,1,1
701021010,5.969089305099153,0,1
701021011,5.099399787070054,0,1
701021012,7.239585845892736,0,1
701021013,6.907655787609441,0,1
701021014,8.81247654717286,0,1
701021015,2.581143424537797,1,1
701021016,4.6513934204158875,1,1
701021017,7.587481058667127,0,1
701021018,4.922735890235547,1,1
701021019,6.093928672321154,0,1
701021020,7.2425314932122475,0,1
701021021,9.683596274351572,0,1
701021022,4.81707142543523,1,1
701021023,4.699232574056463,1,1
701021024,5.073351269487347,0,1
701021025,6.052497916104754,0,1
701021026,6.0189830527603,0,1
701021027,8.307421429297932,0,1
701021028,6.024675347525742,0,1
701021029,7.117687663548216,0,1
701021030,6.11197932016132,0,1
701031031,18.84520963827262,0,0
701031032,20.7528945426276,0,0
701031033,32.558772366110674,0,0
701031034,15.960537268071564,0,0
701031035,11.058513930605029,0,0
701041036,15.012572786222233,0,0
701041037,12.71745071498882,0,0
701041038,11.060435922893417,0,0
701041039,13.604056085617543,0,0
701041040,13.657945833874598,0,0
701041041,14.149561444439032,0,0
701041042,15.425053108612287,0,0
701041043,15.272474834287713,0,0
701041044,14.04419478780056,0,0
702011045,2.432908993740644,1,1
702011046,3.7037822933142266,1,1
702011047,4.352617443970516,1,1
702011048,5.2663819053023255,0,1
702011049,3.5649281504198735,1,1
702011050,162.95957940376817,0,0
702011051,9.062037577172497,0,1
702011052,179.4719975535738,0,0
702011053,420.6162406458407,0,0
702011054,240.4747915249333,0,0
702021055,99.00861100028027,0,0
702021056,1.0559037983795119,1,1
702031057,89.82622980550849,0,0
702031058,148.40893069198665,0,0
702031059,203.5758892887164,0,0
702031060,97.23927444835645,0,0
702031061,277.79826016049964,0,0
702041062,469.51985182279503,0,0
702041063,408.7221508127304,0,0
702041064,549.7753675651051,0,0
702051065,135.9608676976155,0,0
702051066,419.1225960337962,0,0
702051067,26.470283632475223,0,0
702051068,215.06594255902093,0,0
801011001,7.925046850176888,0,1
801011002,7.4606428233819635,0,1
801011003,6.165261239984174,0,1
801011004,9.886000286323766,0,1
801011005,9.011066432055681,0,1
801011006,11.260390590870974,0,0
801011007,6.698780550257482,0,1
801011008,8.632868025085665,0,1
801011009,8.962275478557238,0,1
801011010,9.014672718965427,0,1
801011011,4.237081364219688,1,1
801011012,7.799575233866249,0,1
801011013,10.552080167402456,0,0
801011014,10.816943518154162,0,0
801011015,12.004074503817561,0,0
801011016,3.7373938439532117,1,1
801011017,10.132756345562933,0,0
801011018,5.279129678819568,0,1
801011019,11.947635272162811,0,0
801011020,8.647179256460417,0,1
801011021,6.038958549547326,0,1
801011022,8.039070180887908,0,1
801011023,9.073004456464677,0,1
801011024,9.853384253969162,0,1
801011025,7.174104080940855,0,1
801011026,9.636922107007333,0,1
801011111,12.300539690312375,0,0
801011142,15.085230926276349,0,0
801011143,14.440128220162887,0,0
801011144,13.39176818216991,0,0
801031031,6.690615658851815,0,3
801031032,7.164691077357783,0,2
801031113,4.037587361501304,1,3
801031114,3.0253168569664473,1,3
801031115,6.6486208974271,0,4
801041034,4.479919321123031,1,1
801041035,5.79599902799803,0,1
801041036,6.303848498176855,0,1
801041037,3.2407717036196195,1,1
801041038,4.450656658120596,1,1
801041039,0.9633698727273587,1,1
801041040,2.4429221948411657,1,1
801041043,8.440284640941814,0,1
801041044,1.5904470395306727,1,1
801041045,1.3895253407041868,1,1
801041046,4.833054673723397,1,1
801041047,4.776749306275617,1,1
801041048,2.5886810779350755,1,1
801041116,4.074177022089701,1,1
801041117,7.346675806613909,0,1
801041118,6.604025806589191,0,1
801041119,1.9965432464585304,1,1
801041120,5.973978840922893,0,1
801041121,7.532048782790314,0,1
801041122,2.7546772059193474,1,1
801051049,7.451920999218419,0,2
801051050,6.040364292789567,0,2
801051051,7.000954744640712,0,2
801051053,6.55730561326232,0,2
801051054,4.9714909086829655,1,2
801051055,3.9876435448970935,1,2
801051056,4.98157520135903,1,2
801051057,3.682515470560144,1,1
801051058,6.027569931238133,0,2
801051060,6.944352395372101,0,2
801051061,3.338223507294064,1,1
801051123,8.512895303349218,0,2
801051124,4.9082244427800905,1,2
801051125,3.2552266214083065,1,3
801051126,4.915849225679367,1,2
801051127,5.797969603510193,0,2
801051128,3.909087158814996,1,3
801061062,6.6922508093624815,0,1
801061063,4.7841637726781485,1,1
801061064,3.562571370681692,1,3
801061066,6.620768478610979,0,2
801061067,2.694083964578731,1,3
801061068,5.005184530050839,0,1
801061069,5.131077207465773,0,1
801061070,7.462574760570578,0,1
801061129,4.118074424619731,1,1
801061130,0.6881736447659347,1,3
801061131,2.9531014883609856,1,3
801071071,17.665684199971214,0,0
801071072,14.890338413762938,0,0
801071073,14.200475592579913,0,0
801071074,11.669842237554455,0,0
801071075,16.207947245025984,0,0
801071076,9.994062419543551,0,1
801071077,10.519338111538035,0,0
801071078,16.745090720311413,0,0
801071079,11.34417478634361,0,0
801071080,14.218885861909826,0,0
801071081,13.594163958311993,0,0
801071082,12.65779338471441,0,0
801071083,9.707226005655164,0,1
801071084,12.662445525602786,0,0
801071085,9.780312462263623,0,1
801071086,12.84846359153867,0,0
801071087,12.681304509069594,0,0
801071088,14.686067527472987,0,0
801071089,20.86667556259829,0,0
801071090,11.141517170454426,0,0
801071132,15.077095331319484,0,0
801081091,13.048529548581145,0,0
801081092,13.144372845408029,0,0
801081093,11.517997269668482,0,0
801081094,11.857721651639142,0,0
801081095,12.781954305551892,0,0
801081096,11.828883850257977,0,0
801081097,10.792026904135735,0,0
801081098,10.692989145655844,0,0
801081133,9.624507278217818,0,1
801091099,9.534672384724745,0,1
801091100,8.96138820721522,0,1
801091101,8.595305758574574,0,1
801091102,6.39923450001705,0,1
801091103,7.431004700518021,0,1
801091104,7.2817124933723925,0,1
801091105,9.435200979848522,0,1
801091106,8.194449362326049,0,1
801091107,6.4845940917997025,0,1
801091108,9.353888835691794,0,1
801091109,8.103947721018924,0,1
801091110,9.538077335063033,0,1
801101134,10.425291910882597,0,0
801101135,12.196390246946644,0,0
801101136,14.139669558190961,0,0
801101137,12.693762160774043,0,0
801101139,12.976853345483459,0,0
801101145,11.8720487048614,0,0
801101146,12.353185603298908,0,0
801111140,20.857229717133944,0,0
801111141,40.318297769325206,0,0
901011001,1561.775451223729,0,0
901021002,2131.5095204240283,0,0
901031003,11.64857189943345,0,0
901041004,1400.424522763376,0,0
