SA2_CODE_2021,Tot_P_M,Tot_P_F,Tot_P_P,Age_0_4_yr_M,Age_0_4_yr_F,Age_0_4_yr_P,Age_5_14_yr_M,Age_5_14_yr_F,Age_5_14_yr_P,Age_15_19_yr_M,Age_15_19_yr_F,Age_15_19_yr_P,Age_20_24_yr_M,Age_20_24_yr_F,Age_20_24_yr_P,Age_25_34_yr_M,Age_25_34_yr_F,Age_25_34_yr_P,Age_35_44_yr_M,Age_35_44_yr_F,Age_35_44_yr_P,Age_45_54_yr_M,Age_45_54_yr_F,Age_45_54_yr_P,Age_55_64_yr_M,Age_55_64_yr_F,Age_55_64_yr_P,Age_65_74_yr_M,Age_65_74_yr_F,Age_65_74_yr_P,Age_75_84_yr_M,Age_75_84_yr_F,Age_75_84_yr_P,Age_85ov_M,Age_85ov_F,Age_85ov_P,Counted_Census_Night_home_M,Counted_Census_Night_home_F,Counted_Census_Night_home_P,Count_Census_Nt_Ewhere_Aust_M,Count_Census_Nt_Ewhere_Aust_F,Count_Census_Nt_Ewhere_Aust_P,Indigenous_psns_Aboriginal_M,Indigenous_psns_Aboriginal_F,Indigenous_psns_Aboriginal_P,Indig_psns_Torres_Strait_Is_M,Indig_psns_Torres_Strait_Is_F,Indig_psns_Torres_Strait_Is_P,Indig_Bth_Abor_Torres_St_Is_M,Indig_Bth_Abor_Torres_St_Is_F,Indig_Bth_Abor_Torres_St_Is_P,Indigenous_P_Tot_M,Indigenous_P_Tot_F,Indigenous_P_Tot_P,Birthplace_Australia_M,Birthplace_Australia_F,Birthplace_Australia_P,Birthplace_Elsewhere_M,Birthplace_Elsewhere_F,Birthplace_Elsewhere_P,Lang_used_home_Eng_only_M,Lang_used_home_Eng_only_F,Lang_used_home_Eng_only_P,Lang_used_home_Oth_Lang_M,Lang_used_home_Oth_Lang_F,Lang_used_home_Oth_Lang_P,Australian_citizen_M,Australian_citizen_F,Australian_citizen_P,Age_psns_att_educ_inst_0_4_M,Age_psns_att_educ_inst_0_4_F,Age_psns_att_educ_inst_0_4_P,Age_psns_att_educ_inst_5_14_M,Age_psns_att_educ_inst_5_14_F,Age_psns_att_educ_inst_5_14_P,Age_psns_att_edu_inst_15_19_M,Age_psns_att_edu_inst_15_19_F,Age_psns_att_edu_inst_15_19_P,Age_psns_att_edu_inst_20_24_M,Age_psns_att_edu_inst_20_24_F,Age_psns_att_edu_inst_20_24_P,Age_psns_att_edu_inst_25_ov_M,Age_psns_att_edu_inst_25_ov_F,Age_psns_att_edu_inst_25_ov_P,High_yr_schl_comp_Yr_12_eq_M,High_yr_schl_comp_Yr_12_eq_F,High_yr_schl_comp_Yr_12_eq_P,High_yr_schl_comp_Yr_11_eq_M,High_yr_schl_comp_Yr_11_eq_F,High_yr_schl_comp_Yr_11_eq_P,High_yr_schl_comp_Yr_10_eq_M,High_yr_schl_comp_Yr_10_eq_F,High_yr_schl_comp_Yr_10_eq_P,High_yr_schl_comp_Yr_9_eq_M,High_yr_schl_comp_Yr_9_eq_F,High_yr_schl_comp_Yr_9_eq_P,High_yr_schl_comp_Yr_8_belw_M,High_yr_schl_comp_Yr_8_belw_F,High_yr_schl_comp_Yr_8_belw_P,High_yr_schl_comp_D_n_g_sch_M,High_yr_schl_comp_D_n_g_sch_F,High_yr_schl_comp_D_n_g_sch_P,Count_psns_occ_priv_dwgs_M,Count_psns_occ_priv_dwgs_F,Count_psns_occ_priv_dwgs_P,Count_Persons_other_dwgs_M,Count_Persons_other_dwgs_F,Count_Persons_other_dwgs_P
401011001,9561,8647,18202,170,152,318,326,300,625,398,442,842,1840,1882,3721,2649,2325,4966,1346,1066,2409,960,687,1652,820,727,1551,690,689,1381,300,303,601,60,81,141,9117,8251,17363,444,393,839,157,102,255,0,5,3,7,6,12,166,112,277,4142,3322,7471,4667,4753,9420,4837,4106,8940,3741,3963,7710,5134,4466,9594,38,44,82,300,275,569,335,371,707,1304,1352,2659,1065,1132,2196,6673,6361,13043,689,586,1272,605,375,983,143,123,266,98,89,187,63,47,103,7441,7135,14573,3930,3077,7001
401011002,3213,3615,6823,91,92,184,175,153,325,188,374,566,400,427,830,568,557,1124,372,377,750,315,319,632,362,373,732,415,450,863,236,303,544,93,196,287,3079,3483,6562,134,132,261,17,37,59,4,0,9,3,3,7,23,41,69,2096,2330,4428,932,1015,1946,2393,2636,5030,616,678,1292,2593,2859,5446,27,28,56,165,148,311,161,310,469,284,306,591,214,268,481,2313,2484,4797,222,256,479,144,193,332,37,58,98,26,42,68,9,7,14,2627,2760,5389,806,1220,2019
401021003,3569,3483,7051,166,154,320,442,393,833,215,233,446,220,204,423,288,285,573,340,366,709,547,571,1118,637,614,1254,454,413,868,198,195,386,66,64,127,3384,3338,6721,188,142,333,23,26,52,0,0,0,0,6,5,25,33,61,2875,2741,5608,516,564,1084,3288,3211,6503,102,107,205,3290,3199,6491,44,30,74,408,357,768,166,174,342,65,88,152,51,109,165,1345,1617,2959,628,564,1195,566,419,985,153,98,251,86,61,144,0,3,3,3294,3257,6551,157,161,319
401021004,8950,9256,18208,468,407,880,1257,1336,2592,658,617,1275,402,381,783,645,703,1346,1060,1207,2271,1398,1467,2860,1268,1263,2533,1146,1198,2339,528,483,1012,120,191,305,8483,8900,17386,466,353,824,44,46,91,0,0,0,0,0,0,43,52,89,7044,7411,14457,1608,1600,3208,8257,8530,16790,412,480,895,8344,8654,16993,136,122,261,1228,1288,2511,559,552,1111,187,218,403,237,419,656,4843,5333,10178,1057,922,1982,702,702,1410,231,217,447,98,98,197,13,4,13,8395,8820,17221,262,285,545
401021005,2301,2418,4726,127,114,243,270,245,510,143,145,289,115,116,229,158,174,336,248,287,539,334,346,675,324,352,673,322,327,653,179,193,372,76,133,211,2190,2327,4521,114,90,205,8,10,24,0,0,0,0,0,0,15,10,30,1835,1899,3734,354,406,759,2097,2193,4290,87,115,206,2095,2208,4309,38,33,70,254,232,490,115,111,227,52,61,112,42,92,137,1019,1204,2224,367,328,692,271,283,549,79,77,159,61,55,114,0,4,5,2089,2182,4265,184,239,420
401021006,4616,4831,9448,243,252,490,601,564,1162,257,298,561,268,219,483,475,495,963,552,562,1111,604,654,1262,666,702,1362,545,587,1136,312,356,669,96,146,243,4364,4602,8964,253,227,482,26,39,69,3,5,4,0,0,0,30,45,72,3755,3946,7704,568,620,1183,4173,4420,8598,173,182,363,4213,4449,8658,54,70,130,549,532,1082,168,243,410,67,91,151,98,183,281,1880,2230,4105,735,655,1391,590,549,1137,175,186,357,124,130,250,9,6,17,4160,4424,8585,309,285,589
401021007,10661,11452,22113,769,696,1463,1524,1434,2962,674,669,1344,718,696,1409,1522,1569,3091,1418,1535,2949,1300,1504,2805,1044,1236,2281,1029,1153,2176,503,704,1201,169,257,426,10162,11048,21209,500,404,899,155,154,304,10,9,20,0,0,3,163,166,329,8596,9092,17691,1676,1968,3645,9619,10318,19937,649,768,1416,9807,10489,20298,176,177,349,1452,1366,2816,520,530,1051,177,261,443,308,579,891,4572,5495,10066,1589,1484,3070,1213,1335,2548,381,402,783,237,240,476,21,13,41,10058,10864,20923,358,437,793
401021008,3441,3384,6825,175,192,369,461,426,884,182,204,384,187,140,330,337,364,698,407,427,830,512,528,1040,582,553,1127,417,381,796,155,131,289,30,41,66,3238,3230,6467,204,154,358,32,36,70,0,3,3,0,0,6,36,41,73,2842,2756,5598,396,439,830,3188,3135,6322,75,92,166,3170,3125,6287,41,39,81,438,401,838,145,164,312,51,42,96,59,134,190,1288,1559,2847,587,479,1067,530,416,945,148,111,256,70,49,117,4,0,3,3159,3171,6325,152,144,293
401021009,2567,2755,5327,200,203,403,395,367,764,160,156,310,144,163,304,368,409,784,321,373,695,341,408,744,300,324,622,228,264,495,95,73,173,14,17,33,2457,2660,5123,114,94,206,32,31,63,0,0,0,0,0,0,32,31,63,2150,2256,4407,292,368,657,2372,2525,4895,77,105,188,2385,2544,4926,53,56,102,381,342,718,128,120,248,45,49,89,65,138,201,978,1303,2278,410,400,811,334,253,589,100,84,189,48,31,80,0,6,11,2411,2624,5034,88,95,189
401021010,3081,2959,6042,146,148,292,376,383,760,263,187,448,187,160,348,292,270,557,345,416,760,438,425,863,471,438,906,356,355,713,166,137,300,39,45,85,2920,2837,5758,159,120,279,28,22,49,0,0,0,3,4,9,36,24,59,2292,2170,4461,638,646,1291,2601,2441,5049,344,380,727,2768,2637,5399,34,43,78,352,362,709,222,156,377,95,95,189,79,130,212,1595,1651,3250,381,324,705,281,204,480,104,78,183,62,58,119,9,3,11,2790,2773,5571,184,138,319
401031011,9138,9929,19066,367,363,732,1189,1184,2373,685,657,1343,596,528,1121,883,908,1788,1041,1234,2271,1279,1389,2667,1170,1337,2512,1014,1238,2252,696,742,1437,218,346,562,8832,9626,18456,311,302,612,44,38,79,0,0,0,0,0,0,46,33,80,6004,6357,12358,2937,3377,6315,6589,6930,13523,2374,2806,5180,7940,8579,16512,139,136,279,1157,1161,2318,633,610,1240,360,323,685,357,516,866,5600,6027,11629,794,876,1671,574,720,1293,201,225,425,178,229,405,18,47,64,8765,9559,18322,230,255,488
401031012,4988,5337,10328,211,206,419,744,781,1524,380,411,793,286,260,541,367,380,746,605,727,1334,748,753,1498,610,667,1278,596,608,1203,346,399,742,98,159,253,4805,5192,9997,184,151,329,25,23,46,0,0,0,0,7,6,27,29,50,3095,3244,6340,1770,1974,3744,3331,3511,6842,1515,1704,3220,4246,4477,8718,92,90,178,731,756,1487,350,381,730,175,179,346,185,272,452,3049,3160,6209,379,458,833,293,380,671,122,133,260,60,91,152,13,24,32,4740,5061,9803,173,268,448
401031013,7855,8784,16635,381,299,679,1046,979,2029,539,506,1041,438,446,885,803,849,1659,978,1058,2030,957,1102,2061,906,1035,1936,930,1158,2082,631,819,1445,259,531,794,7580,8514,16100,275,265,539,30,20,52,3,0,3,0,4,3,28,24,57,5296,5838,11133,2384,2768,5153,5698,6324,12025,1978,2281,4264,6646,7446,14088,148,118,267,1021,962,1986,494,474,967,248,293,542,310,470,779,4875,5389,10265,631,815,1450,426,649,1075,178,204,381,100,173,274,31,36,62,7444,8308,15747,373,462,835
401041014,4802,4801,9601,224,234,455,576,525,1100,333,237,571,284,269,553,576,527,1100,610,617,1222,618,691,1312,657,704,1360,549,597,1146,296,328,623,80,81,158,4671,4718,9390,128,87,210,29,29,59,0,0,0,0,0,0,29,29,60,3364,3343,6710,1333,1366,2693,3580,3472,7048,1114,1228,2344,4373,4347,8711,83,62,153,559,513,1071,280,218,502,136,140,278,142,251,395,2438,2545,4984,651,617,1273,478,434,910,155,134,288,154,184,340,16,29,44,4687,4744,9421,59,51,112
401041015,10415,11188,21601,573,545,1117,1175,1031,2209,511,498,1010,744,671,1416,1666,1675,3347,1430,1467,2895,1262,1252,2513,1093,1259,2352,866,1180,2048,742,1020,1768,347,584,928,10152,10914,21066,261,276,535,71,116,187,5,11,13,5,3,6,82,125,210,6127,6466,12594,3894,4272,8168,5988,6345,12332,4026,4368,8394,8341,8919,17260,178,143,314,1118,997,2118,419,428,846,352,348,693,503,655,1161,5213,5620,10837,1180,1189,2368,968,1040,2010,313,383,692,512,719,1231,87,148,237,9938,10522,20453,407,579,987
401041016,11566,12396,23968,609,572,1181,1518,1395,2905,713,623,1336,837,780,1615,1514,1597,3117,1607,1750,3357,1559,1651,3212,1265,1388,2653,874,1120,1995,728,1015,1744,351,498,850,11227,12108,23334,343,291,633,77,87,161,9,0,9,7,7,14,90,92,189,6918,7219,14142,4324,4862,9185,6993,7314,14307,4234,4762,8998,9346,9946,19295,191,161,348,1477,1352,2827,600,570,1174,434,426,860,492,725,1213,6192,6870,13068,1187,1130,2316,877,998,1877,303,329,630,452,616,1068,83,150,229,11120,11940,23062,283,357,639
401051017,5220,5628,10849,171,206,378,474,485,962,336,277,611,366,387,755,894,949,1835,762,726,1485,622,629,1249,612,691,1305,580,702,1282,326,427,749,86,148,237,4992,5391,10383,227,240,468,32,31,63,6,3,10,0,0,0,36,37,69,3276,3616,6899,1697,1787,3478,3753,4091,7850,1216,1316,2527,4116,4524,8633,56,67,124,450,465,917,288,246,538,201,208,410,331,402,737,3319,3510,6831,481,526,1006,297,378,673,121,122,238,94,113,204,17,36,50,4739,5234,9973,485,382,864
401051018,6216,6902,13122,329,303,630,669,659,1329,336,293,630,443,423,867,971,1004,1982,860,894,1749,766,834,1594,650,722,1370,533,680,1213,402,627,1034,261,459,722,6024,6713,12735,198,190,388,33,33,68,0,0,4,4,0,3,37,40,76,3973,4295,8266,2059,2419,4472,4070,4372,8446,1948,2331,4278,5079,5593,10671,105,96,199,644,636,1278,278,252,530,231,242,479,267,396,660,3421,3732,7150,599,631,1235,486,618,1103,189,192,381,262,410,674,44,97,145,5902,6528,12429,235,311,550
401051019,6629,6889,13515,307,285,595,734,722,1453,454,314,769,430,424,856,988,957,1942,813,873,1682,823,906,1725,922,931,1851,657,736,1393,340,484,829,156,258,416,6392,6619,13008,239,270,509,31,34,62,3,0,3,0,0,4,29,44,69,4617,4757,9378,1827,1956,3785,4930,5077,10002,1523,1638,3160,5650,5865,11514,83,89,176,712,704,1421,421,282,699,277,246,518,339,431,776,4013,4187,8201,605,592,1197,421,458,881,160,166,328,171,231,407,29,52,77,6245,6505,12752,335,273,609
401061020,3180,3311,6484,185,184,369,382,369,756,190,181,376,206,208,417,499,474,978,468,474,943,394,425,821,405,460,869,317,311,626,91,136,233,37,75,108,3084,3202,6284,91,110,199,32,20,52,0,3,8,0,0,3,36,23,59,2209,2340,4552,889,894,1786,2256,2414,4672,847,818,1671,2702,2847,5545,52,66,114,373,363,730,164,166,327,101,99,203,149,208,358,1806,1923,3726,362,334,696,214,212,430,71,89,163,65,87,156,14,28,42,3078,3202,6281,53,55,109
401061021,7947,7836,15785,426,363,788,1033,913,1951,402,366,771,634,565,1197,1308,1285,2590,1198,1130,2327,981,968,1943,924,951,1880,633,693,1325,273,375,646,131,235,365,7702,7617,15320,245,214,464,76,72,143,0,7,9,4,3,6,78,77,155,5370,5314,10684,2331,2293,4621,5401,5227,10629,2300,2348,4651,6643,6628,13274,135,117,255,1013,893,1899,345,328,675,325,314,642,448,501,948,4500,4562,9060,777,673,1447,539,526,1065,167,175,344,196,278,477,39,70,110,7607,7472,15077,243,298,545
401061022,3760,4265,8023,152,176,325,415,453,865,202,292,491,236,256,493,422,462,886,452,493,946,535,521,1056,476,521,993,452,530,980,302,339,647,120,215,339,3607,4128,7731,153,138,286,18,12,36,0,0,0,0,0,0,18,12,36,2528,2853,5374,1084,1279,2371,2758,3115,5868,847,1018,1865,3226,3671,6899,52,61,112,396,439,830,181,262,443,128,156,284,164,200,365,2316,2521,4833,334,415,747,220,328,551,85,115,199,77,91,166,8,22,24,3502,3962,7473,249,363,613
401071023,8405,9241,17650,417,391,803,960,908,1870,454,514,968,564,617,1177,1207,1233,2437,1059,1232,2291,1105,1190,2296,1081,1234,2311,942,1073,2012,465,549,1010,162,309,467,8061,8874,16931,345,371,714,51,51,99,0,0,7,0,3,3,52,60,112,6220,6790,13012,1991,2226,4218,6736,7343,14088,1470,1671,3141,7417,8105,15526,142,134,281,943,883,1830,397,473,869,300,360,658,400,549,951,5109,5676,10789,777,888,1663,531,650,1174,181,217,396,187,224,414,34,48,83,8007,8700,16708,271,393,663
401071024,9870,11124,20998,445,426,871,1263,1188,2446,560,558,1118,591,620,1208,1138,1215,2355,1311,1446,2749,1351,1432,2785,1106,1266,2378,1086,1309,2392,649,936,1587,369,734,1105,9515,10754,20274,360,367,725,39,42,73,0,0,6,0,0,4,39,42,84,7000,7869,14873,2647,2997,5648,7620,8515,16136,2012,2343,4355,8550,9640,18185,163,163,322,1239,1162,2404,505,504,1011,341,391,728,460,576,1040,6095,6749,12840,849,964,1813,523,776,1299,184,258,438,206,329,537,29,50,78,9173,10230,19400,577,832,1413
402011025,4746,4800,9545,270,211,477,757,699,1457,367,357,723,279,276,556,465,483,950,556,647,1206,693,749,1441,669,643,1312,414,436,847,208,229,435,72,74,152,4518,4647,9165,227,155,378,75,78,151,0,4,11,0,0,0,82,78,162,3984,3963,7950,602,683,1282,4449,4467,8916,135,176,306,4446,4475,8925,57,55,117,733,681,1417,271,278,547,76,105,172,95,187,288,1576,1909,3486,883,823,1708,734,685,1421,229,212,434,136,114,246,3,0,7,4523,4629,9151,115,118,237
402011026,10459,11205,21662,594,560,1156,1297,1256,2551,655,581,1239,685,651,1337,1333,1348,2685,1180,1265,2446,1246,1384,2632,1381,1558,2942,1092,1207,2305,705,943,1644,280,444,730,9992,10816,20807,465,386,850,276,262,540,10,8,21,9,11,18,291,286,577,8218,8731,16944,1788,2008,3796,9547,10193,19742,509,562,1074,9623,10230,19851,157,168,323,1218,1183,2409,475,444,916,175,224,400,230,459,687,3580,4288,7864,1874,1764,3635,1648,1762,3407,573,572,1149,405,475,881,35,45,78,9770,10518,20286,559,614,1167
402011027,3363,3142,6505,211,187,406,457,406,854,239,211,451,198,165,367,431,432,860,398,391,795,515,511,1026,484,442,928,281,249,531,110,105,221,30,34,58,3227,3064,6292,132,75,213,98,93,193,6,0,10,0,0,0,105,92,196,2771,2582,5350,417,429,851,3020,2856,5880,183,170,355,3075,2896,5968,50,48,95,422,387,814,165,149,319,44,48,92,54,117,169,913,1176,2085,625,528,1151,606,481,1088,220,161,377,147,66,211,19,10,27,3165,3034,6192,124,101,217
402021028,9814,10104,19920,715,721,1436,1623,1486,3104,709,544,1261,645,639,1288,1432,1546,2980,1290,1351,2639,1172,1272,2442,1151,1242,2387,650,690,1346,325,421,742,103,190,292,9444,9844,19290,364,260,626,275,279,557,9,4,17,9,3,10,289,294,581,7541,7649,15184,1958,2157,4115,8410,8611,17024,1047,1154,2205,8951,9167,18122,178,164,343,1557,1396,2953,491,426,915,180,208,387,244,482,725,3187,3715,6898,1682,1494,3178,1512,1516,3027,464,476,945,253,285,534,66,114,183,9369,9638,19010,294,404,699
402021029,8950,9363,18313,798,751,1543,1634,1666,3300,607,588,1196,637,701,1334,1432,1658,3099,1227,1232,2461,968,973,1939,845,880,1725,497,528,1024,233,268,508,68,114,184,8566,9108,17677,375,256,638,469,509,978,16,21,35,18,25,42,504,551,1056,6678,6905,13583,1657,1821,3484,7020,7369,14392,1351,1412,2761,7774,8089,15862,198,165,362,1499,1529,3022,393,416,807,115,182,296,208,421,637,2322,2813,5133,1347,1292,2644,1334,1382,2717,499,470,968,364,331,696,120,146,265,8366,8754,17120,503,574,1076
402021030,5410,5419,10829,332,351,679,820,727,1545,351,352,701,409,374,784,769,738,1510,658,651,1314,646,597,1246,646,618,1258,422,461,888,241,358,600,110,192,301,5193,5252,10445,212,173,387,300,292,585,8,10,14,6,0,10,309,299,607,3261,3189,6453,1604,1724,3330,3562,3547,7115,1347,1396,2744,4226,4241,8470,65,63,133,716,644,1361,235,243,472,76,107,186,166,250,419,1313,1339,2652,732,673,1404,867,884,1750,344,333,669,352,429,786,194,240,435,4964,4972,9935,593,640,1229
402021031,7027,7023,14047,480,491,972,971,925,1894,452,406,857,519,469,989,1028,1011,2041,877,863,1738,878,804,1682,820,838,1658,570,601,1176,303,375,682,134,238,369,6764,6832,13599,262,195,452,255,271,524,3,4,9,18,8,27,274,286,558,4780,4697,9471,1803,1865,3668,5413,5352,10764,1173,1219,2391,5998,5980,11982,102,98,204,898,851,1745,313,296,603,117,142,263,173,312,485,2073,2239,4311,1150,1009,2152,1108,1045,2152,370,416,785,319,300,622,147,175,317,6575,6536,13113,388,474,861
402021032,7910,8302,16215,764,755,1527,1339,1344,2681,495,512,1002,594,676,1266,1561,1690,3249,1077,1100,2172,790,866,1657,660,681,1344,397,397,797,181,221,400,52,62,116,7596,8097,15695,319,208,521,230,273,506,9,5,18,6,13,23,249,293,547,6293,6598,12887,1321,1459,2776,6529,6934,13465,1075,1095,2166,7218,7567,14781,212,179,388,1260,1290,2549,355,376,735,124,216,346,227,407,636,2599,3229,5824,1276,1106,2382,1061,1053,2118,356,330,680,195,191,381,57,70,128,7563,8035,15602,235,212,452
402021033,1270,1204,2473,45,53,98,156,145,305,85,92,178,86,74,160,97,69,167,138,133,270,183,203,385,234,222,460,164,151,312,72,53,127,9,11,21,1220,1148,2366,49,55,105,13,13,29,0,0,0,0,0,0,13,13,29,979,901,1878,240,253,494,1174,1102,2277,51,60,108,1182,1117,2294,6,13,18,154,140,293,63,75,139,31,34,66,13,40,55,487,519,1004,232,207,443,195,155,345,66,52,124,39,22,57,0,6,5,1208,1139,2352,34,34,66
402021034,6168,6279,12446,413,423,835,920,838,1759,387,363,749,435,443,876,893,932,1826,782,732,1513,723,726,1455,722,751,1474,545,576,1123,244,334,578,102,159,260,5930,6051,11980,235,230,465,337,377,713,9,10,16,3,5,15,351,391,745,4354,4357,8709,1190,1292,2483,4918,4947,9862,669,766,1439,5190,5294,10487,94,88,182,813,751,1567,232,244,477,77,112,189,130,244,368,1446,1643,3095,991,934,1922,1071,1067,2139,399,395,794,315,323,638,61,80,147,5661,5750,11413,470,466,937
402021035,2887,2806,5693,206,213,418,336,317,652,121,108,236,137,168,298,480,476,964,352,322,677,332,261,592,344,331,666,327,328,658,188,209,396,65,67,132,2758,2720,5484,127,88,207,60,45,102,4,3,4,4,0,5,62,49,112,1895,1814,3713,757,771,1526,1938,1872,3810,754,737,1491,2501,2439,4944,41,47,87,304,284,583,87,82,171,41,54,93,82,110,189,887,1000,1885,439,322,765,396,376,772,167,129,295,194,176,370,57,80,142,2658,2626,5276,160,162,322
402031036,13374,12201,25578,928,809,1739,1524,1357,2882,657,620,1279,1128,867,1993,2810,2439,5254,2103,1788,3888,1495,1314,2805,1224,1180,2405,854,903,1764,451,554,1005,201,363,562,13011,11897,24904,365,313,666,262,262,523,7,9,10,10,3,14,276,272,548,6815,6475,13295,5970,5224,11198,6306,6025,12339,6368,5599,11967,9699,9382,19079,220,161,381,1417,1257,2676,524,515,1034,519,461,976,790,1028,1820,6215,5865,12074,1251,1099,2350,1197,1034,2233,388,474,863,656,641,1299,561,424,980,12733,11630,24358,622,574,1195
402031038,11197,11389,22587,869,754,1618,1310,1221,2530,496,509,998,799,674,1475,2112,2100,4209,1941,1875,3816,1234,1289,2518,1060,1145,2201,760,915,1669,438,577,1010,193,344,536,10852,11122,21978,344,268,614,168,198,365,9,3,14,3,6,9,178,206,386,6320,6368,12690,4467,4665,9131,6162,6273,12429,4573,4715,9288,8679,8935,17612,241,208,449,1244,1150,2399,406,435,832,424,334,757,575,859,1433,5863,6167,12033,1069,1032,2104,973,961,1933,280,352,631,327,433,763,81,103,186,10673,10945,21622,384,363,753
402031175,9000,9183,18188,579,538,1116,1055,1044,2109,409,453,864,675,599,1278,1832,1667,3497,1633,1545,3181,1080,1103,2184,754,860,1616,550,763,1309,344,397,742,89,200,287,8750,8944,17693,249,243,489,246,229,475,3,0,6,5,0,7,251,232,483,5147,5244,10392,3581,3683,7269,4556,4954,9512,3574,3715,7291,6800,7338,14137,181,154,331,1005,1009,2016,339,395,741,290,312,602,424,543,966,4581,4815,9396,753,783,1541,1075,938,2009,239,280,524,271,344,614,106,146,251,7991,8494,16488,965,615,1584
402031176,5255,5252,10504,343,302,641,634,620,1247,265,265,534,397,315,711,791,798,1585,806,766,1574,645,639,1277,489,503,995,473,535,1013,341,395,741,69,112,185,5117,5138,10257,139,110,244,93,91,181,0,3,8,5,0,0,95,98,193,3232,3153,6385,1845,1901,3745,3254,3243,6492,1803,1809,3612,4445,4466,8909,94,73,169,600,582,1176,210,220,423,164,147,313,208,340,553,2386,2396,4784,690,609,1299,587,595,1185,190,209,398,164,226,398,50,60,120,5035,4983,10017,197,245,436
402041039,0,0,0,0,0,0,0,0,0,0,0,0,0,0,0,0,0,0,0,0,0,0,0,0,0,0,0,0,0,0,0,0,0,0,0,0,0,0,0,0,0,0,0,0,0,0,0,0,0,0,0,0,0,0,0,0,0,0,0,0,0,0,0,0,0,0,0,0,0,0,0,0,0,0,0,0,0,0,0,0,0,0,0,0,0,0,0,0,0,0,0,0,0,0,0,0,0,0,0,0,0,0,0,0,0,0,0,0
402041040,7836,7845,15681,449,419,873,990,846,1832,454,379,832,547,433,981,1092,1017,2107,1061,1058,2119,993,918,1917,768,846,1619,733,1002,1736,553,660,1217,188,259,450,7578,7638,15215,258,207,465,180,194,372,4,3,7,0,0,5,185,196,385,5026,4882,9909,2502,2652,5158,5167,5216,10389,2315,2275,4583,6783,6816,13598,103,124,223,941,799,1742,350,311,662,214,192,411,246,381,625,3117,3188,6308,1086,978,2064,1069,1108,2181,343,389,734,308,353,662,95,131,232,7400,7374,14776,330,414,746
402041041,7600,7492,15094,479,409,887,1001,949,1948,447,407,861,529,484,1016,1082,1056,2141,1016,1027,2045,940,947,1886,915,950,1859,708,735,1440,354,406,756,117,126,247,7362,7294,14657,237,194,434,142,136,279,5,5,7,7,3,10,149,145,288,5060,4917,9978,2287,2343,4627,5459,5372,10831,1889,1855,3744,6613,6510,13125,125,88,216,956,897,1852,350,331,674,176,200,381,253,401,658,2898,3150,6051,1217,1074,2294,1021,963,1987,352,310,661,280,289,563,93,117,205,7317,7226,14544,204,184,389
402041042,17,0,21,0,0,0,0,0,0,4,0,4,6,0,6,3,0,3,0,0,0,0,0,0,0,0,0,0,0,0,0,0,0,0,0,0,17,0,15,0,0,0,0,0,0,0,0,0,0,0,0,0,0,0,10,0,7,6,0,6,14,0,13,3,0,3,14,0,16,0,0,0,0,0,0,4,0,4,6,0,6,3,0,3,12,0,16,0,0,0,0,0,3,0,0,0,0,0,0,0,0,0,0,0,0,43,8,48
402041043,9247,9215,18467,647,590,1236,1353,1243,2591,558,588,1138,683,580,1263,1308,1323,2631,1365,1298,2667,1061,1014,2073,1045,1109,2148,732,833,1567,391,480,875,127,160,276,8995,9017,18016,248,200,451,185,236,424,4,3,8,10,3,11,198,246,445,5154,5059,10213,3748,3804,7546,4765,4738,9502,4103,4091,8195,7694,7746,15439,156,153,306,1257,1163,2418,410,488,900,263,265,525,351,481,831,3554,3579,7127,1144,971,2110,1087,1111,2192,400,487,885,447,525,975,276,356,630,8891,8845,17734,280,337,618
402041044,8956,8869,17816,591,557,1148,1311,1265,2575,619,580,1200,676,594,1268,1235,1319,2549,1283,1257,2537,1209,1197,2401,1078,1124,2205,703,677,1376,222,244,468,33,59,95,8662,8615,17276,292,252,543,246,275,524,6,0,10,0,0,4,254,276,527,5971,5776,11742,2621,2734,5353,5829,5698,11532,2703,2769,5474,7773,7670,15444,152,143,289,1230,1198,2426,451,422,874,198,228,432,244,431,679,2919,3259,6183,1394,1236,2624,1282,1145,2420,483,402,883,391,371,757,225,302,532,8572,8507,17073,291,270,560
402041046,9319,9279,18594,645,564,1211,1196,1181,2376,518,519,1040,652,586,1235,1344,1337,2682,1237,1172,2413,1159,1037,2200,1080,1039,2115,822,922,1749,479,609,1093,193,291,480,9019,9025,18045,298,254,550,211,194,404,3,9,13,3,5,14,224,203,432,5167,5051,10215,3592,3727,7317,5143,5149,10289,3585,3586,7167,7345,7339,14688,116,82,202,1087,1097,2185,375,427,803,187,235,422,337,532,870,3023,3063,6085,1265,1064,2327,1216,1214,2428,488,478,963,548,687,1234,384,498,884,8666,8702,17372,585,531,1116
402041047,9149,9305,18454,545,505,1050,1268,1156,2425,603,530,1133,542,542,1081,1141,1175,2315,1149,1168,2315,1199,1163,2359,1138,1177,2318,868,1039,1904,520,623,1144,172,247,415,8843,9069,17911,311,238,543,178,180,359,0,6,8,0,4,9,188,182,377,6380,6323,12708,2408,2656,5059,7091,7207,14302,1677,1736,3409,8118,8225,16344,146,116,260,1203,1099,2307,438,428,870,158,207,367,215,398,611,3096,3461,6556,1567,1426,2994,1377,1406,2779,449,469,920,361,386,750,125,174,302,8727,8924,17647,315,324,642
402041048,9221,9265,18487,678,625,1304,1399,1376,2768,638,585,1220,714,611,1319,1430,1468,2899,1417,1366,2786,969,1039,2012,984,1004,1983,647,702,1345,256,346,600,93,160,255,8833,8984,17822,385,277,668,335,311,642,8,5,14,9,3,10,351,322,674,6169,6016,12181,2559,2744,5299,6047,5999,12052,2606,2697,5304,7853,7790,15640,137,151,294,1298,1265,2563,399,428,827,129,193,321,267,451,715,2890,3083,5972,1314,1183,2496,1294,1259,2554,478,463,944,447,449,892,266,340,604,8394,8628,17023,685,569,1256
402041171,7020,6832,13855,444,400,849,872,836,1709,440,421,856,722,595,1319,1369,1244,2607,1143,1163,2301,853,871,1722,610,652,1262,394,402,792,143,162,308,37,83,120,6772,6626,13400,253,202,461,82,73,151,3,4,5,4,0,3,84,71,159,3945,3819,7759,2913,2862,5773,3918,3782,7697,2888,2820,5706,5495,5426,10922,122,112,227,838,813,1652,346,358,711,368,322,696,446,491,941,3939,3810,7747,688,649,1338,538,528,1070,175,179,354,114,164,272,70,93,160,6752,6571,13327,198,212,413
402041172,3999,4081,8080,278,245,523,476,466,947,262,235,500,310,233,543,566,585,1153,551,568,1124,510,466,976,416,529,940,361,410,776,200,252,448,60,95,155,3877,3984,7861,118,96,215,77,80,155,0,3,3,0,3,6,79,80,160,2333,2329,4664,1493,1582,3082,2209,2287,4499,1594,1607,3200,3357,3454,6812,66,62,127,442,432,876,200,185,392,107,115,223,141,239,380,1606,1661,3266,531,496,1025,487,506,988,159,192,348,189,225,416,107,140,246,3834,3943,7781,166,160,321
402051049,4917,5491,10406,224,230,458,632,627,1260,356,343,696,321,297,622,477,483,956,573,667,1245,658,767,1425,722,806,1531,510,630,1141,328,439,762,114,196,310,4739,5325,10063,181,166,348,51,28,84,0,0,3,0,0,0,55,26,84,3660,4015,7678,1142,1362,2505,4312,4759,9074,466,544,1007,4534,5008,9545,64,76,140,621,615,1236,275,286,557,141,138,270,121,220,335,2205,2444,4652,819,833,1653,585,776,1361,205,221,427,102,144,251,5,8,18,4733,5217,9946,116,204,318
402051050,4377,4643,9017,223,223,444,631,624,1252,386,293,678,303,282,581,474,491,966,545,622,1165,677,781,1457,595,679,1268,365,398,765,147,201,348,33,48,85,4242,4526,8763,136,122,256,51,59,108,0,6,5,0,0,0,52,58,111,3522,3669,7187,783,913,1697,4016,4255,8272,279,318,601,4134,4377,8515,65,81,140,622,615,1229,298,257,556,115,127,241,97,174,268,1870,2106,3975,762,743,1510,551,614,1162,165,180,349,80,69,147,11,14,20,4258,4544,8803,46,45,97
402051051,5547,5505,11048,300,267,564,703,640,1348,394,302,700,336,314,645,596,605,1204,693,725,1416,730,741,1472,634,739,1381,645,678,1328,418,391,809,93,101,196,5373,5351,10726,174,153,326,41,41,79,3,4,11,4,4,7,51,47,95,4020,3986,8006,1388,1391,2780,4361,4297,8659,1038,1072,2116,5000,5019,10020,95,70,168,680,622,1305,310,267,571,165,174,337,163,259,427,2705,2831,5533,768,719,1487,578,568,1145,182,142,329,141,174,318,20,24,43,5353,5342,10694,92,101,192
402051052,8497,9002,17496,501,449,947,860,913,1769,431,344,772,599,487,1091,1316,1261,2581,1261,1180,2440,944,944,1895,832,906,1743,772,1009,1781,654,925,1580,324,583,901,8206,8725,16931,292,275,571,118,124,240,0,3,4,0,5,3,121,131,250,5374,5751,11124,2782,2919,5702,5840,6284,12125,2283,2334,4624,7075,7597,14676,112,116,229,821,866,1690,331,280,609,243,201,446,367,494,866,3853,3994,7847,1187,1115,2304,1006,1192,2194,329,378,704,290,406,696,40,75,109,7865,8319,16184,546,611,1162
402051053,9513,9738,19248,542,456,996,1242,1190,2428,544,522,1062,591,524,1114,1061,1075,2137,1356,1354,2712,1185,1268,2454,1223,1427,2647,1200,1254,2451,452,505,958,124,173,297,9172,9479,18653,340,261,600,132,139,270,9,0,5,0,4,9,141,146,283,6830,6931,13768,2446,2594,5043,7793,7946,15744,1463,1570,3034,8576,8791,17364,142,133,276,1211,1148,2359,432,446,881,195,215,409,282,454,729,4118,4539,8660,1595,1491,3089,1159,1211,2363,357,366,721,206,244,454,26,24,54,9172,9507,18676,165,157,315
402051054,8145,8133,16276,452,467,921,1077,966,2044,510,499,1006,441,407,849,1051,1038,2083,1134,1080,2210,1056,1092,2150,911,996,1912,921,996,1923,496,492,988,89,99,192,7831,7933,15764,311,198,517,95,103,193,0,0,6,0,0,0,94,99,192,6459,6467,12933,1480,1517,2992,7460,7428,14889,484,539,1028,7582,7610,15188,126,113,239,1053,948,1996,372,417,789,132,143,273,210,335,546,3218,3658,6878,1546,1272,2818,1173,1153,2323,316,282,596,145,166,316,17,12,27,7841,7962,15804,118,105,222
402051055,6487,6665,13161,355,334,692,793,665,1457,334,322,660,373,320,690,806,798,1603,783,848,1635,855,841,1695,772,799,1566,700,845,1547,528,617,1148,196,271,467,6246,6487,12722,252,185,431,74,72,150,0,0,8,0,3,8,76,79,157,4908,4922,9827,1401,1581,2985,5550,5656,11211,761,843,1602,5905,6042,11945,92,88,174,765,646,1411,255,272,531,136,139,277,171,287,465,2656,2962,5615,1107,1019,2125,897,925,1825,255,254,509,224,273,497,15,28,47,6138,6315,12452,228,286,513
403011056,7290,7900,15191,301,284,589,881,737,1615,439,415,857,380,344,720,633,653,1287,799,946,1744,966,1006,1968,1064,1220,2287,1044,1160,2202,559,711,1270,217,434,647,6940,7580,14516,353,317,669,48,55,103,0,5,0,6,3,8,53,60,120,5341,5805,11141,1666,1831,3492,6409,6913,13330,592,722,1314,6593,7148,13746,92,82,181,850,717,1568,365,364,735,163,180,345,205,350,558,3641,4123,7766,963,1032,1997,719,923,1643,231,274,504,201,188,392,48,41,89,6729,7331,14053,415,496,909
403011057,9774,10751,20522,363,367,732,866,836,1707,506,501,1006,535,570,1104,1209,1250,2458,1194,1230,2429,1220,1341,2560,1386,1567,2951,1419,1597,3018,801,915,1717,275,564,840,9207,10234,19437,568,513,1085,91,82,173,0,0,0,7,3,8,96,86,181,7173,7806,14977,2301,2619,4919,8285,9080,17365,1183,1338,2521,8572,9429,18000,109,119,229,840,808,1648,426,432,860,237,296,538,357,515,875,5381,5861,11245,1311,1390,2706,1026,1308,2334,277,324,600,192,247,431,17,25,45,8986,9949,18931,707,755,1459
403021058,7114,7447,14563,429,355,791,729,683,1414,350,315,665,575,561,1129,1406,1384,2794,1010,1125,2134,871,791,1663,763,859,1619,579,734,1314,280,421,703,114,224,337,6846,7208,14060,263,235,503,96,84,179,0,0,3,9,3,6,101,91,188,4593,4787,9377,2262,2429,4690,4754,4980,9739,2084,2221,4302,5748,6126,11874,115,95,214,701,662,1362,277,266,541,271,294,573,393,509,903,3808,4099,7906,789,752,1539,639,700,1341,214,247,457,199,285,480,37,66,107,6798,7204,14000,189,159,349
403021059,6215,6392,12609,321,294,618,735,724,1459,377,326,702,361,333,693,643,673,1314,842,877,1721,801,907,1713,962,1023,1986,807,841,1650,284,294,583,75,94,172,5942,6188,12132,271,203,478,60,58,120,0,4,6,3,0,5,63,62,126,4065,4155,8218,2018,2131,4147,5285,5351,10637,776,913,1699,5597,5723,11319,113,73,183,717,701,1419,283,270,557,137,155,298,185,312,503,3022,3357,6384,925,904,1831,782,671,1456,169,185,350,97,114,209,8,21,25,5968,6214,12182,70,70,139
403021060,4791,4915,9703,250,281,531,590,596,1188,300,268,573,261,239,498,504,485,997,614,681,1295,683,667,1350,596,620,1217,544,594,1141,331,359,693,113,107,219,4558,4723,9278,240,189,426,38,41,76,4,4,7,0,0,0,45,46,80,3469,3560,7029,1182,1242,2420,4068,4151,8221,581,646,1232,4326,4471,8794,84,94,173,572,583,1155,251,230,479,115,132,246,168,223,384,2262,2487,4746,736,641,1381,527,542,1069,159,145,302,107,92,195,16,14,33,4567,4735,9305,86,77,166
403021061,7895,8619,16516,428,416,840,808,760,1566,412,405,817,612,691,1305,1423,1522,2940,1157,1122,2281,852,916,1769,792,904,1695,724,856,1586,486,667,1151,200,360,555,7619,8358,15974,282,260,541,137,125,258,6,0,5,6,8,6,139,130,270,5005,5398,10402,2507,2867,5380,5262,5735,10998,2236,2521,4758,6418,7041,13455,123,118,236,754,717,1475,328,346,666,284,369,654,424,586,1008,3910,4410,8319,920,887,1804,802,990,1790,300,365,666,285,356,642,74,73,144,7412,8103,15519,437,536,973
403021062,7845,8686,16531,480,456,934,838,776,1609,406,380,784,551,600,1151,1238,1312,2557,1122,1166,2294,874,985,1862,872,1037,1910,793,906,1702,419,575,997,248,487,735,7548,8432,15983,296,253,554,107,125,232,0,7,10,10,4,13,112,137,253,5650,6255,11907,1994,2218,4209,6061,6753,12820,1566,1704,3272,6817,7623,14441,144,133,280,801,753,1557,314,320,639,237,297,531,366,510,880,3962,4472,8431,1021,1033,2051,753,984,1741,244,305,549,243,352,594,61,44,103,7421,8136,15550,327,488,815
403021063,5003,5204,10211,325,295,619,762,740,1498,323,286,610,271,272,544,575,671,1242,774,805,1580,703,696,1403,623,696,1323,454,486,937,151,169,320,54,92,142,4810,5064,9876,194,141,337,53,47,97,6,0,7,0,0,0,55,47,104,3802,3901,7702,1102,1235,2336,4308,4500,8810,575,638,1210,4614,4827,9447,88,89,181,746,712,1463,251,251,494,91,118,210,132,245,374,2166,2548,4710,803,732,1538,584,575,1158,183,142,320,80,91,169,13,10,18,4784,5019,9796,84,133,220
403021064,7501,8695,16190,428,407,839,809,804,1612,379,392,769,536,585,1123,1251,1399,2652,1078,1188,2265,851,941,1792,738,1005,1745,811,1013,1819,416,537,955,202,418,624,7204,8456,15660,293,236,532,125,138,268,0,0,0,0,0,0,128,138,269,5047,5843,10888,2192,2586,4777,5594,6545,12138,1630,1870,3504,6308,7343,13654,124,129,257,778,785,1556,302,326,626,217,294,511,365,563,928,3719,4484,8201,916,1028,1945,811,977,1796,291,334,625,209,268,477,40,59,98,7115,8258,15374,263,372,635
403031065,2425,2471,4896,115,105,224,281,283,563,171,158,324,156,119,276,187,156,337,279,311,592,346,367,705,326,308,631,289,333,617,208,212,426,70,126,194,2329,2375,4701,98,95,195,9,13,19,0,0,0,0,0,0,9,17,26,1824,1847,3673,539,531,1075,2202,2185,4385,161,199,359,2238,2235,4477,47,39,81,279,278,555,140,136,275,88,65,156,95,95,194,1418,1464,2882,255,258,512,184,175,360,59,53,112,29,21,55,0,3,0,2298,2276,4578,73,138,211
403031066,3678,3928,7608,136,132,269,424,396,816,222,272,498,347,410,755,507,483,991,423,461,886,461,465,928,397,409,798,358,433,793,276,313,583,132,160,292,3523,3772,7294,158,154,313,35,32,62,4,0,4,0,0,0,36,27,64,2454,2562,5022,1079,1206,2286,2871,2949,5814,661,823,1486,3100,3227,6322,49,36,82,415,382,792,189,246,431,215,275,494,244,311,553,2108,2343,4451,420,366,788,288,360,647,101,72,176,57,78,133,4,14,18,3271,3394,6670,641,875,1519
403031067,6347,6619,12963,349,340,690,900,876,1772,411,417,824,336,283,615,566,570,1136,834,928,1764,938,967,1905,750,843,1599,679,783,1462,466,463,935,116,150,260,6074,6365,12444,272,248,526,35,40,76,0,0,0,3,0,3,47,40,85,4879,5063,9942,1363,1462,2830,5733,5899,11635,495,624,1115,5955,6163,12115,127,103,233,884,853,1734,354,365,719,151,160,315,202,329,531,3320,3769,7087,861,695,1556,523,565,1090,151,193,342,97,79,178,17,15,27,6121,6401,12517,58,64,121
403031068,7686,8156,15842,466,416,880,1063,981,2048,476,475,949,459,491,951,900,940,1846,1053,1110,2167,1113,1186,2297,956,995,1947,676,758,1434,344,426,769,181,378,557,7435,7936,15365,248,221,471,49,50,100,0,4,3,3,0,5,47,54,107,6034,6363,12394,1496,1635,3132,6314,6597,12912,1205,1385,2592,6951,7377,14329,165,141,299,1046,962,2008,388,421,810,231,289,516,312,413,722,4103,4527,8626,875,796,1672,560,665,1220,237,272,504,163,239,407,41,59,102,7310,7713,15027,278,408,690
403031069,7927,8579,16506,341,356,701,1072,1025,2094,618,560,1181,444,473,916,707,761,1467,890,1044,1942,1087,1201,2289,1089,1181,2271,951,1047,2002,531,593,1124,198,330,520,7632,8265,15897,299,309,604,30,21,47,0,0,0,0,0,0,29,21,48,6130,6525,12657,1657,1904,3555,6690,7205,13894,1088,1225,2309,7259,7781,15041,130,126,251,1056,1006,2062,556,515,1064,260,316,575,284,408,690,4738,5199,9940,741,818,1555,516,656,1174,190,184,377,139,142,277,18,16,37,7520,8115,15637,291,341,629
403031070,4149,4321,8475,222,210,434,445,437,886,215,220,432,253,243,493,635,601,1236,581,552,1135,488,481,970,456,477,936,368,480,852,317,410,724,164,209,372,3977,4184,8163,178,137,313,35,36,69,0,3,3,0,3,6,37,39,80,2768,2911,5672,1244,1280,2525,2868,3015,5880,1131,1173,2304,3507,3719,7231,66,63,132,438,427,868,185,197,377,140,144,287,191,246,437,2187,2254,4442,481,423,908,378,478,858,127,138,261,127,177,311,19,33,52,3949,4161,8110,104,109,214
403041071,5801,6108,11911,292,303,592,770,674,1444,391,345,739,354,303,658,641,638,1276,725,813,1545,740,802,1545,805,944,1756,681,685,1372,280,357,638,125,237,364,5609,5929,11537,198,178,374,55,56,106,0,5,5,0,0,0,51,59,115,4441,4616,9061,1247,1359,2607,5141,5391,10532,519,582,1097,5430,5674,11096,102,97,201,749,658,1405,302,289,595,138,151,287,149,276,428,2659,2951,5612,962,937,1904,692,767,1458,200,194,390,109,140,248,7,10,8,5531,5777,11309,154,244,401
403041072,7682,8236,15923,436,434,878,1160,1145,2305,498,454,951,438,405,843,848,908,1756,931,1156,2083,1031,1084,2116,961,1072,2034,836,969,1797,438,455,891,105,163,264,7233,7890,15129,448,347,791,160,183,349,3,8,11,4,3,11,170,190,364,5749,6179,11934,1468,1633,3100,6960,7520,14481,295,325,626,6863,7437,14298,108,134,240,1088,1074,2159,339,332,675,90,131,222,172,380,550,2575,3393,5965,1364,1236,2604,1196,1170,2367,362,310,676,179,172,357,12,7,18,7088,7713,14802,380,393,771
403041073,4704,4778,9475,271,210,481,593,580,1172,288,248,536,313,278,590,602,613,1217,604,621,1228,619,548,1169,541,595,1137,502,619,1124,265,333,600,88,127,218,4523,4613,9135,179,164,342,196,206,401,6,3,10,12,10,25,209,223,433,3379,3322,6703,881,1037,1921,3957,4002,7957,329,405,736,4056,4115,8170,67,50,119,530,526,1058,176,164,340,59,82,141,110,191,299,1421,1669,3093,777,719,1491,784,777,1563,284,254,545,154,182,338,34,22,53,4263,4354,8614,403,398,802
403041074,5337,5708,11050,262,312,574,560,575,1133,298,289,586,313,310,622,766,819,1582,690,671,1359,730,728,1456,693,726,1421,564,670,1236,331,376,707,134,228,359,5074,5473,10545,269,237,503,164,152,317,4,12,21,9,4,10,169,168,345,3827,4073,7907,1283,1368,2652,4799,5094,9895,322,380,697,4739,5079,9817,64,74,140,522,534,1064,202,222,427,59,110,171,142,277,427,1962,2343,4301,955,844,1798,876,907,1783,274,267,536,175,155,327,21,16,37,4999,5322,10319,266,341,610
403041075,1381,1349,2729,49,59,107,165,138,302,85,110,195,74,61,132,93,96,181,133,153,282,220,208,437,236,254,485,209,187,401,99,69,168,17,18,34,1333,1293,2631,42,54,97,5,5,5,0,0,0,0,0,0,5,5,5,1070,1061,2129,240,222,458,1283,1246,2533,42,36,79,1260,1235,2497,15,13,30,159,130,293,62,80,142,31,34,64,27,52,77,623,685,1306,249,209,460,158,145,299,42,31,75,38,20,60,0,0,0,1311,1288,2599,53,44,99
403041076,2232,2243,4469,128,121,248,351,320,671,157,154,311,123,106,231,205,203,408,303,339,642,334,338,672,270,300,565,220,248,473,126,101,223,19,15,29,2111,2145,4257,119,98,213,15,14,31,3,0,3,0,0,0,18,14,34,1766,1768,3536,419,429,852,2077,2083,4160,108,113,218,2091,2097,4190,42,42,82,343,317,655,134,138,269,58,69,128,70,110,181,1151,1220,2365,291,266,556,193,192,380,54,63,111,26,13,40,0,0,0,2138,2156,4289,20,18,36
403041077,5409,5377,10784,273,267,540,707,599,1312,363,327,694,312,329,636,551,551,1110,676,721,1398,732,777,1508,729,738,1469,655,675,1328,323,293,615,86,84,175,5200,5223,10423,208,157,362,48,39,88,0,0,0,0,0,0,46,41,92,3828,3720,7549,1463,1563,3024,4590,4468,9056,705,812,1518,4925,4868,9796,77,79,158,693,588,1281,296,273,573,137,169,304,161,278,443,2695,2877,5576,750,695,1446,600,565,1165,157,151,301,75,96,177,8,13,25,5182,5180,10361,115,136,253
403041078,3388,3490,6875,169,192,363,438,388,820,196,215,409,213,188,400,428,421,847,383,440,828,447,420,874,425,458,883,396,448,846,229,227,459,58,91,145,3220,3369,6591,160,123,289,68,63,138,0,0,3,5,6,4,71,68,144,2638,2698,5336,612,645,1259,3088,3128,6218,151,190,334,3080,3135,6221,43,41,80,416,357,767,153,170,319,54,68,120,65,140,206,1134,1367,2500,612,536,1144,580,581,1163,185,161,337,112,104,214,7,3,13,3151,3253,6406,157,200,357
403041079,3860,3952,7818,212,203,417,545,501,1048,234,211,451,234,222,460,577,553,1126,478,514,990,504,504,1003,422,525,948,416,435,851,192,203,392,46,83,132,3685,3820,7504,179,137,312,150,158,309,0,4,4,0,5,9,154,166,324,2969,2928,5899,605,746,1350,3394,3443,6840,213,263,473,3432,3500,6930,50,52,99,477,454,933,149,148,295,46,53,107,77,160,236,1064,1317,2382,693,613,1306,720,654,1375,254,263,511,127,146,272,10,14,26,3556,3671,7220,237,259,500
403041080,6715,7149,13864,390,384,766,821,782,1604,399,388,786,325,351,676,822,889,1709,911,955,1868,837,852,1691,813,891,1700,867,955,1826,407,500,906,126,207,337,6407,6922,13334,306,223,531,58,79,135,0,4,8,3,3,3,59,91,147,5348,5577,10930,1194,1403,2599,6134,6469,12607,409,519,930,6270,6627,12901,110,99,211,795,759,1558,309,312,623,107,145,258,179,301,481,2841,3307,6154,1196,1095,2292,873,975,1850,254,261,513,153,155,310,9,12,23,6399,6854,13254,109,161,269
403041081,0,0,0,0,0,0,0,0,0,0,0,0,0,0,0,0,0,0,0,0,0,0,0,0,0,0,0,0,0,0,0,0,0,0,0,0,0,0,0,0,0,0,0,0,0,0,0,0,0,0,0,0,0,0,0,0,0,0,0,0,0,0,0,0,0,0,0,0,0,0,0,0,0,0,0,0,0,0,0,0,0,0,0,0,0,0,0,0,0,0,0,0,0,0,0,0,0,0,0,0,0,0,0,0,0,0,0,0
403041082,14,12,23,0,0,0,0,3,3,0,0,0,0,0,3,6,0,5,0,0,0,0,0,6,3,0,3,0,3,3,0,0,0,0,0,0,15,9,19,0,4,5,0,0,0,0,0,0,0,0,0,0,0,0,11,5,14,7,0,7,7,4,16,6,0,0,8,5,20,0,0,0,0,0,0,0,0,0,0,0,0,0,0,0,4,3,7,4,0,0,7,0,6,0,0,0,0,0,0,0,0,0,15,9,19,0,3,8
403041083,3633,3709,7344,196,178,371,448,447,897,219,189,408,187,151,334,409,361,769,412,442,852,477,518,990,486,478,970,413,485,902,304,320,627,79,136,219,3480,3571,7048,153,139,293,31,39,68,4,0,3,0,0,3,31,39,71,2671,2661,5334,791,894,1685,3296,3378,6675,181,190,372,3303,3363,6665,59,45,110,428,423,852,162,152,317,57,64,117,83,132,220,1487,1654,3142,608,517,1130,483,520,1005,161,136,299,94,106,201,6,0,5,3415,3488,6897,185,201,387
403041084,6750,7109,13863,376,368,746,780,728,1506,395,342,737,426,449,876,940,922,1858,831,871,1696,860,893,1750,787,908,1693,787,935,1727,420,502,922,157,201,354,6488,6912,13397,267,199,466,121,152,271,4,5,7,7,3,7,131,154,288,5127,5315,10443,1330,1525,2857,5898,6204,12104,547,612,1165,6110,6386,12493,82,88,172,750,691,1438,263,271,527,99,144,247,169,301,469,2315,2749,5068,1254,1192,2445,1180,1186,2368,321,331,648,193,228,426,20,21,42,6309,6666,12972,327,355,685
403041085,5052,5085,10138,311,268,577,609,540,1144,294,236,531,297,308,607,777,747,1530,656,657,1309,611,605,1221,555,619,1175,566,641,1209,319,370,684,59,98,158,4847,4914,9763,203,168,374,131,127,255,6,0,6,0,3,5,134,131,269,3817,3699,7516,957,1113,2068,4315,4324,8633,470,521,993,4521,4520,9044,83,62,139,559,499,1059,194,161,358,60,102,164,127,245,367,1673,1937,3609,908,787,1696,832,834,1670,276,256,538,175,191,365,15,22,38,4771,4828,9600,197,194,392
403041086,5034,5249,10286,302,254,558,607,584,1186,288,267,559,309,280,585,707,674,1377,700,735,1435,602,610,1207,607,616,1222,524,652,1178,278,387,667,118,183,299,4872,5100,9974,163,149,313,59,66,122,3,3,7,0,0,0,68,69,136,3892,3975,7864,971,1085,2057,4460,4589,9047,409,476,893,4629,4789,9423,88,65,157,583,554,1134,208,206,413,96,92,187,123,249,372,1918,2223,4142,907,816,1722,752,785,1538,233,218,455,141,160,301,13,17,31,4808,4987,9797,153,193,343
403041088,1804,1804,3604,83,67,148,240,222,458,100,105,207,104,80,178,114,134,255,190,210,398,269,289,557,308,284,593,260,257,517,114,121,242,29,26,58,1702,1720,3416,105,82,188,14,21,36,0,0,0,0,3,3,14,23,40,1370,1352,2720,343,365,708,1659,1671,3324,62,62,127,1638,1656,3291,17,12,37,223,210,438,74,84,157,33,29,68,25,70,95,797,906,1710,303,247,541,208,204,412,64,57,115,33,26,63,3,5,4,1675,1696,3366,61,65,122
403041089,5554,5997,11552,292,302,595,731,663,1401,396,383,781,367,358,715,635,636,1275,670,716,1382,730,842,1576,741,829,1567,548,639,1190,348,436,785,107,185,291,5343,5833,11175,213,165,375,46,52,100,0,0,0,3,7,11,50,60,110,4306,4573,8871,1130,1312,2439,4975,5366,10340,465,518,989,5185,5581,10760,79,91,172,718,644,1360,305,320,625,109,151,256,129,248,375,2193,2617,4813,1042,982,2020,811,866,1674,216,291,506,132,149,282,6,9,16,5349,5778,11128,94,170,265
403041177,6935,7252,14177,500,434,935,1034,898,1936,369,414,780,433,387,824,1016,1106,2121,968,1044,2013,823,870,1693,660,773,1432,647,720,1369,354,408,763,122,190,313,6606,6982,13587,325,267,591,131,139,276,0,7,5,7,0,6,145,143,286,5266,5376,10643,1438,1626,3056,6343,6580,12927,364,424,785,6266,6492,12752,146,102,249,993,860,1855,263,317,577,108,122,227,228,375,598,2567,3008,5579,1140,1101,2248,970,1052,2021,297,259,563,158,171,326,12,12,22,6566,6869,13440,198,276,473
403041178,5163,5467,10629,308,279,580,739,756,1498,342,325,669,304,281,583,557,595,1151,691,735,1426,696,771,1467,687,791,1483,522,577,1100,237,278,520,75,82,157,4916,5293,10210,248,175,422,81,93,179,10,8,14,0,0,0,92,101,194,3698,3925,7626,1278,1388,2661,4710,5052,9761,260,274,533,4657,4942,9596,80,85,170,720,736,1450,254,260,516,74,96,167,111,242,351,1938,2345,4285,890,828,1724,755,777,1539,227,193,418,86,106,194,13,10,20,4863,5258,10124,159,153,311
404011090,4428,4471,8897,312,272,579,474,501,973,224,203,425,321,277,604,783,815,1596,682,662,1351,565,582,1147,540,531,1075,320,342,666,135,189,330,60,102,155,4285,4348,8628,145,126,266,66,74,141,0,0,4,6,4,11,74,83,154,3079,3112,6192,1170,1219,2387,3040,3044,6084,1195,1260,2458,3788,3890,7678,74,71,147,464,478,937,173,162,344,129,128,259,163,273,435,2154,2318,4475,575,484,1057,449,400,853,141,134,274,130,166,296,25,45,70,4192,4296,8490,288,250,535
404011091,7961,8401,16361,457,459,916,910,774,1684,459,408,868,531,534,1061,1255,1295,2554,1069,1117,2186,1033,1030,2059,896,1016,1914,624,814,1443,535,670,1201,192,281,473,7726,8151,15875,236,248,484,121,106,221,4,6,10,0,3,4,124,117,239,5280,5603,10887,2387,2494,4882,5089,5289,10375,2595,2806,5402,6799,7180,13970,129,117,252,861,733,1595,352,351,706,219,247,466,296,428,721,3908,4214,8124,910,912,1827,782,815,1597,248,289,542,389,497,884,59,119,174,7660,8041,15696,211,251,462
404011092,7624,8010,15634,332,342,676,923,931,1857,467,411,875,476,469,947,776,824,1599,874,1011,1885,1205,1220,2428,1092,1101,2187,789,902,1696,487,589,1070,188,219,411,7301,7734,15034,321,279,600,72,72,142,3,0,4,4,0,7,76,76,151,5594,5805,11403,1807,1991,3799,6001,6167,12173,1400,1628,3028,6892,7196,14084,104,106,214,904,904,1801,386,360,745,201,247,447,184,368,550,3860,4151,8007,996,913,1910,750,797,1547,220,266,488,274,345,621,30,56,88,7297,7715,15019,158,167,322
404011093,9399,9679,19076,456,488,944,876,815,1690,424,360,791,749,783,1528,1932,1903,3833,1332,1312,2644,1217,1188,2404,1113,1201,2308,750,851,1601,396,477,872,167,300,466,9051,9326,18375,349,356,700,155,149,302,6,5,12,5,0,9,163,153,321,6256,6330,12587,2767,2978,5750,6290,6316,12604,2732,2994,5729,7916,8237,16156,116,131,251,833,762,1591,346,312,658,330,411,745,554,659,1215,5201,5470,10669,951,876,1834,803,729,1537,266,263,531,376,523,895,100,156,251,8817,9064,17885,481,465,947
404011094,3109,3390,6499,193,195,391,310,322,630,176,175,353,210,206,412,547,556,1098,435,467,902,385,441,827,412,398,809,249,307,556,131,183,315,65,145,206,3001,3288,6293,108,99,209,53,93,145,0,0,4,0,6,7,61,100,153,2259,2422,4679,758,882,1639,2232,2380,4606,769,904,1667,2803,3065,5870,51,61,115,304,307,606,123,142,266,66,86,152,101,170,272,1363,1553,2914,464,414,880,357,408,763,145,151,293,142,211,354,29,46,75,2977,3219,6200,99,131,229
404011095,8445,9056,17501,457,443,901,898,795,1692,447,374,821,504,472,975,1232,1241,2465,1041,1090,2134,1027,1149,2174,1097,1157,2249,889,1109,2004,575,775,1354,273,455,727,8082,8766,16848,365,290,653,136,142,279,7,3,10,9,8,18,156,157,310,5922,6210,12129,2137,2479,4615,6167,6545,12704,1921,2186,4116,7435,8041,15473,120,94,214,847,753,1605,336,302,640,187,218,405,262,372,638,3889,4202,8090,1156,1155,2314,967,1087,2052,281,364,645,334,491,830,75,125,206,7933,8487,16418,341,472,817
404011096,7189,8016,15205,304,321,626,705,675,1388,336,330,663,359,304,664,739,753,1494,808,858,1665,855,952,1804,963,1197,2162,1162,1371,2534,686,809,1497,273,443,710,6857,7718,14580,330,295,628,86,111,200,0,5,5,4,0,4,92,114,204,5315,5830,11147,1633,1883,3516,5906,6489,12390,1032,1234,2261,6564,7267,13833,86,115,197,680,639,1321,264,260,529,150,142,283,174,271,441,3323,3566,6883,1147,1181,2328,885,1155,2042,284,376,658,259,398,651,30,42,69,6746,7456,14199,339,485,830
404011097,9574,9696,19269,562,520,1083,999,987,1979,534,514,1040,739,722,1456,1691,1602,3288,1314,1305,2617,1220,1233,2448,1161,1163,2331,784,852,1637,385,482,872,188,326,515,9273,9442,18717,295,253,549,217,205,417,5,4,5,6,9,16,220,219,437,5877,5743,11621,3364,3632,6991,5543,5425,10964,3681,3924,7606,8073,8150,16224,165,130,293,952,935,1888,420,419,841,344,349,691,438,603,1036,4644,4872,9514,1132,964,2094,966,897,1857,349,350,702,406,556,967,140,206,342,9102,9182,18283,388,481,865
404021098,0,0,0,0,0,0,0,0,0,0,0,0,0,0,0,0,0,0,0,0,0,0,0,0,0,0,0,0,0,0,0,0,0,0,0,0,0,0,0,0,0,0,0,0,0,0,0,0,0,0,0,0,0,0,0,0,0,0,0,0,0,0,0,0,0,0,0,0,0,0,0,0,0,0,0,0,0,0,0,0,0,0,0,0,0,0,0,0,0,0,0,0,0,0,0,0,0,0,0,0,0,0,0,0,0,0,0,0
404021099,7175,7634,14807,387,340,725,738,654,1393,352,327,684,381,392,768,874,919,1792,912,1007,1912,1065,1139,2201,1210,1328,2542,803,885,1688,295,394,691,148,257,406,6812,7316,14130,359,314,675,198,221,419,6,11,14,4,4,9,206,234,439,5643,5886,11530,1234,1484,2728,6336,6706,13041,555,674,1231,6564,6969,13533,105,100,198,705,628,1335,268,277,542,126,152,280,204,405,610,3126,3717,6844,1207,1138,2348,890,891,1780,297,318,613,217,294,509,19,24,45,6644,7147,13792,393,376,765
404021100,7186,7618,14800,381,380,760,769,778,1543,369,344,716,440,383,830,866,925,1791,880,965,1844,879,978,1859,1101,1156,2259,931,975,1902,438,524,960,130,219,345,6879,7358,14239,307,261,566,259,268,524,3,6,7,3,11,15,270,286,547,5691,5970,11661,1217,1373,2592,6414,6731,13148,477,596,1080,6611,6986,13600,104,112,215,718,745,1467,256,267,529,123,142,268,170,310,482,2688,3089,5777,1313,1194,2513,1076,1126,2203,380,414,791,264,283,546,23,28,47,6805,7230,14033,237,276,513
404021101,5769,5818,11589,315,282,600,560,552,1116,307,284,588,356,376,733,887,852,1741,783,780,1562,746,789,1539,879,824,1705,586,618,1198,253,319,570,90,155,238,5520,5638,11152,249,179,431,198,191,387,9,5,14,7,0,8,212,197,403,3980,3891,7872,1494,1682,3179,4058,4011,8071,1434,1565,2998,5073,5122,10194,85,77,158,515,520,1032,236,216,456,106,154,260,203,314,514,2325,2576,4899,863,749,1613,759,707,1464,304,269,574,293,309,602,75,118,188,5386,5563,10954,370,249,619
404021102,9807,9839,19645,579,563,1148,1079,1046,2126,593,542,1138,783,723,1508,1754,1639,3387,1409,1395,2807,1233,1239,2475,1077,1050,2129,768,851,1616,354,480,833,168,316,483,9542,9588,19131,267,250,519,202,184,383,4,3,14,8,10,14,216,193,410,4680,4498,9178,4598,4861,9464,3856,3693,7548,5409,5689,11105,7640,7761,15402,150,106,255,1003,967,1969,455,464,922,360,392,751,465,589,1051,4680,4645,9330,905,740,1645,914,790,1705,381,485,865,504,739,1247,227,375,601,9259,9309,18573,528,504,1034
404021103,5,0,4,0,0,0,0,0,0,0,0,0,0,0,0,0,0,0,0,0,0,0,0,0,0,0,0,5,0,5,0,0,0,0,0,0,5,0,4,0,0,0,0,0,0,0,0,0,0,0,0,0,0,0,4,0,4,0,0,0,5,0,4,0,0,0,6,0,3,0,0,0,0,0,0,0,0,0,0,0,0,0,0,0,5,0,5,0,0,0,0,0,4,0,0,0,0,0,0,0,0,0,5,0,4,0,0,0
404031104,0,0,4,0,0,0,0,0,0,0,0,0,0,0,0,0,0,0,0,0,0,0,0,0,0,0,0,0,0,0,0,0,0,0,0,0,0,0,0,0,0,0,0,0,0,0,0,0,0,0,0,0,0,0,0,0,4,0,0,0,0,0,4,0,0,0,0,0,4,0,0,0,0,0,0,0,0,0,0,0,0,0,0,0,0,0,4,0,0,0,0,0,0,0,0,0,0,0,0,0,0,0,0,0,0,35,11,44
404031105,1431,1488,2920,69,61,124,190,165,361,110,83,196,95,69,168,133,146,274,161,202,359,184,196,384,203,184,391,135,136,270,80,128,208,76,112,185,1366,1436,2802,62,52,120,14,5,20,0,0,0,0,0,0,9,5,20,1073,1081,2155,303,350,649,1137,1135,2268,235,289,529,1294,1321,2611,17,17,36,184,162,352,89,75,165,34,38,69,45,68,111,693,713,1407,196,194,391,136,152,283,47,44,86,45,75,119,6,10,17,1336,1384,2724,60,80,132
404031106,6626,6828,13452,366,329,694,714,649,1363,301,304,606,470,433,906,1028,993,2028,988,954,1942,837,824,1658,814,837,1652,567,698,1262,358,510,867,176,290,460,6434,6660,13097,188,170,357,53,58,108,9,5,10,7,4,10,67,65,130,4402,4548,8951,2035,2105,4136,4378,4500,8883,2044,2149,4188,5527,5819,11348,114,89,202,698,634,1327,253,260,518,231,227,460,300,349,650,3461,3586,7054,773,794,1569,631,661,1291,184,192,376,226,333,557,50,81,136,6354,6547,12898,186,244,439
404031107,12893,13588,26480,686,661,1347,1233,1238,2474,602,666,1264,1087,1143,2235,2590,2627,5223,1944,1796,3738,1459,1402,2859,1305,1304,2615,949,1169,2119,666,918,1581,367,657,1029,12401,13138,25538,493,445,939,155,143,301,4,3,9,6,4,12,163,152,313,8126,8530,16657,4317,4679,8995,8370,8722,17094,4057,4427,8489,10100,10809,20907,184,191,373,1193,1204,2389,483,583,1069,551,650,1200,714,1029,1747,7175,7557,14729,1454,1352,2802,1133,1311,2448,363,418,779,320,496,815,64,93,156,12121,12725,24844,645,822,1469
404031108,8438,8588,17022,396,373,764,779,707,1487,369,372,746,668,748,1417,1818,1690,3506,1228,1179,2411,1069,1090,2157,944,993,1938,645,648,1291,314,472,787,199,320,519,8115,8292,16401,328,295,621,126,143,272,4,3,8,3,3,3,137,148,286,5470,5550,11020,2647,2778,5425,5325,5437,10758,2789,2894,5687,6955,7204,14160,117,107,225,730,691,1419,299,324,622,335,407,742,552,664,1219,4755,4918,9672,900,813,1709,684,680,1365,218,207,428,332,466,796,90,148,238,8003,8171,16174,342,321,663
404031109,2541,2632,5175,124,121,247,278,270,549,152,131,280,144,158,303,275,276,552,299,334,638,359,367,726,360,350,707,273,284,556,201,235,431,81,108,187,2416,2536,4951,124,98,223,16,22,38,0,3,0,0,0,0,20,24,40,1889,1952,3843,568,625,1194,2100,2155,4254,358,416,776,2264,2337,4606,37,44,80,266,263,534,129,117,243,60,91,151,80,104,181,1337,1408,2742,342,343,691,247,295,543,79,64,141,49,51,107,4,9,10,2387,2476,4865,150,181,321
405011110,3265,3216,6486,139,148,286,450,443,892,198,175,378,172,113,282,243,272,512,370,384,752,473,504,978,514,505,1022,451,425,873,205,199,397,51,52,100,3088,3088,6176,178,134,310,31,45,79,0,0,3,0,0,0,37,48,79,2684,2629,5316,349,404,757,2989,2971,5963,79,83,165,2966,2941,5907,42,35,80,430,421,847,145,147,290,18,34,57,32,120,151,1086,1335,2423,568,497,1066,491,396,887,195,126,321,128,98,223,3,4,8,2990,3005,5994,193,171,363
405011111,4918,4880,9797,295,270,567,738,648,1383,339,287,622,258,289,551,527,556,1087,534,600,1131,619,651,1267,743,707,1458,567,516,1079,229,265,494,73,92,164,4685,4678,9360,238,205,437,70,73,142,3,0,6,0,0,0,74,74,147,4141,4068,8210,482,552,1032,4556,4497,9055,82,117,202,4527,4476,9003,62,79,139,690,598,1286,250,219,471,77,143,218,61,189,241,1482,1938,3418,946,809,1760,749,653,1401,259,191,449,183,141,323,6,0,6,4511,4447,8961,312,401,714
405011112,3308,3234,6544,171,156,329,508,429,938,216,188,408,163,150,310,321,304,631,388,437,824,472,493,964,495,524,1015,369,356,718,162,134,302,40,63,100,3165,3097,6259,142,139,283,42,42,87,0,0,0,3,0,4,46,42,94,2712,2615,5331,459,463,924,3143,3042,6184,57,76,138,3087,2989,6085,42,44,87,489,412,902,162,144,309,40,59,98,57,132,184,1112,1400,2515,609,490,1101,517,446,966,157,110,270,99,68,161,4,6,9,3150,3043,6188,87,136,221
405011113,1774,1561,3335,99,61,155,240,187,428,103,87,185,81,75,152,195,199,389,220,189,407,230,214,445,310,256,555,191,182,375,95,93,189,21,18,40,1649,1473,3124,127,84,216,26,28,56,0,3,0,0,0,0,27,34,55,1341,1167,2512,208,233,443,1467,1332,2796,108,86,194,1477,1317,2796,22,16,40,198,165,366,62,60,120,11,15,29,15,50,67,383,492,873,318,273,594,329,259,584,124,81,208,94,55,149,15,13,22,1536,1396,2929,170,128,295
405011114,3407,3747,7157,148,172,318,419,401,820,220,222,446,167,170,340,389,361,757,402,459,851,412,456,873,406,475,890,463,517,980,279,342,621,99,151,254,3234,3594,6829,173,149,324,48,55,106,0,4,3,0,0,0,48,58,105,2978,3242,6218,313,367,677,3234,3513,6753,80,115,194,3208,3522,6726,45,54,104,411,389,792,169,170,339,27,63,87,58,136,193,1124,1411,2544,618,625,1241,618,589,1208,209,212,421,162,204,366,10,3,18,3213,3527,6741,143,184,326
405011115,2268,2399,4666,116,105,220,282,259,539,118,100,215,91,71,163,215,214,433,263,287,549,295,304,600,308,340,649,321,351,672,189,222,408,72,143,218,2158,2305,4461,108,95,199,15,14,29,4,0,0,0,0,0,19,15,34,1955,2017,3969,235,289,528,2135,2219,4353,56,96,153,2104,2240,4346,41,31,75,272,244,517,96,78,168,33,24,55,41,85,121,885,985,1867,366,372,744,311,335,643,122,121,243,97,130,228,3,10,11,2100,2207,4306,149,208,356
405021116,1937,2160,4096,110,124,228,223,259,475,98,112,216,86,95,181,243,247,488,200,246,445,241,262,503,271,257,531,255,291,545,149,185,337,56,87,141,1827,2025,3850,107,139,245,41,42,75,3,0,3,0,0,0,40,42,77,1673,1816,3484,151,203,352,1772,1953,3725,60,84,143,1797,1973,3762,27,30,55,211,239,448,72,85,154,19,17,38,29,69,97,651,816,1466,389,379,767,275,295,574,96,84,181,78,76,153,4,9,9,1782,1952,3739,209,236,442
405021117,2547,2472,5016,114,103,214,319,272,590,123,113,243,109,88,191,197,195,388,231,260,492,322,349,669,452,452,905,422,377,796,203,204,401,57,60,118,2375,2341,4716,170,129,292,48,56,99,3,0,3,0,0,3,46,53,106,2103,2008,4116,267,304,572,2348,2263,4613,50,62,108,2301,2233,4532,23,26,51,299,255,553,85,93,177,23,30,53,21,78,98,837,963,1804,469,415,879,397,356,757,149,123,273,95,84,185,0,7,5,2306,2254,4560,185,206,393
405021118,2067,2014,4079,101,70,170,225,241,469,110,110,219,70,69,142,181,171,354,188,189,381,250,251,499,382,365,745,345,316,664,170,167,334,43,64,107,1924,1905,3835,141,105,247,51,56,104,3,0,4,0,0,0,50,57,106,1683,1616,3302,197,203,408,1872,1819,3689,47,46,91,1873,1808,3677,15,11,25,197,215,418,64,79,139,10,15,23,22,51,73,513,680,1193,396,326,724,398,314,712,167,130,298,121,100,222,4,8,7,1836,1790,3621,229,224,450
405021119,4821,4683,9500,254,237,497,614,567,1178,259,246,499,213,172,393,428,433,857,456,453,912,591,592,1176,770,739,1502,745,673,1417,379,387,766,108,185,292,4563,4486,9051,261,195,453,122,136,253,5,3,7,4,3,6,121,141,261,4029,3901,7930,450,465,909,4373,4254,8632,153,149,300,4404,4260,8670,56,54,108,576,525,1103,172,182,352,29,46,69,57,113,169,1214,1531,2744,887,775,1665,905,771,1676,351,265,621,276,219,497,8,3,14,4396,4276,8670,389,390,781
405031120,2326,2266,4596,125,125,249,298,274,574,107,97,204,125,69,194,191,203,393,238,238,474,266,275,543,389,374,762,349,331,683,193,191,380,49,85,130,2178,2156,4338,143,114,253,65,68,129,0,6,4,0,0,0,67,65,135,2022,1952,3977,146,162,300,2126,2090,4224,47,48,93,2156,2104,4256,33,28,60,273,258,536,72,64,139,21,22,40,12,64,77,632,842,1477,471,385,856,381,310,692,151,93,248,124,108,229,5,9,14,2087,2069,4153,193,175,376
405031121,2678,2661,5341,109,106,215,256,259,519,137,121,253,96,59,153,196,201,401,212,253,462,314,325,639,548,525,1072,511,447,952,237,259,498,63,112,175,2459,2501,4960,220,163,381,97,102,199,0,3,0,12,11,19,106,115,221,2189,2130,4318,198,233,436,2364,2354,4714,50,44,92,2357,2334,4691,27,18,44,227,232,456,79,77,156,5,15,19,21,67,85,586,825,1420,557,470,1033,500,422,919,217,156,374,163,141,302,12,7,18,2312,2283,4599,542,543,1088
405031122,6807,7087,13896,377,367,743,846,788,1627,426,418,847,438,432,875,808,807,1616,669,717,1387,871,912,1778,930,919,1849,761,868,1627,503,601,1106,178,259,439,6404,6739,13141,402,350,752,342,365,703,3,11,13,3,7,8,347,375,721,5865,6071,11940,512,575,1078,6099,6312,12411,296,363,654,6270,6508,12774,71,81,149,776,719,1492,265,274,544,40,95,135,93,188,282,1664,2059,3720,1387,1296,2681,1152,1157,2305,469,481,957,467,486,950,21,30,55,6276,6536,12812,583,541,1127
405031123,1680,1655,3335,103,75,176,227,262,490,83,80,164,77,49,125,140,147,284,181,175,354,202,217,415,257,263,523,240,205,452,127,135,266,39,44,83,1572,1575,3140,104,83,193,45,35,76,0,0,4,0,0,0,47,36,86,1465,1434,2898,123,145,260,1546,1513,3059,46,61,111,1579,1560,3135,26,13,35,214,251,460,59,66,119,15,14,26,15,40,53,430,552,981,333,284,616,311,250,561,105,74,183,86,74,163,9,4,9,1537,1530,3070,123,119,246
405041124,2621,2792,5414,119,140,259,347,319,669,172,147,327,124,130,262,288,277,570,275,316,593,303,351,655,366,400,767,352,347,700,204,240,441,68,110,183,2455,2665,5121,167,128,296,100,118,220,0,5,5,0,7,8,101,127,234,2277,2403,4685,155,215,374,2404,2570,4974,41,59,98,2423,2583,5007,33,37,68,326,304,628,113,107,218,17,27,47,35,79,114,659,866,1522,489,477,964,465,486,950,178,200,377,162,129,292,5,9,13,2406,2584,4990,138,176,318
405041125,2598,2615,5217,91,101,190,218,217,435,105,69,176,68,73,144,200,197,395,175,175,351,272,298,564,422,463,882,625,582,1210,333,324,664,86,113,204,2366,2439,4809,230,178,406,73,95,170,6,0,6,0,0,3,80,99,174,2063,2052,4116,288,357,649,2338,2361,4697,61,77,139,2312,2331,4645,16,10,38,192,194,389,54,57,111,7,22,24,25,63,87,612,773,1389,523,497,1028,567,543,1112,199,164,362,168,112,275,3,8,10,2278,2351,4628,268,252,518
405041126,2231,2194,4426,102,81,177,220,174,394,93,67,161,87,69,157,142,155,296,203,208,412,242,258,495,407,406,815,436,447,883,256,239,494,49,89,140,2013,2036,4048,221,164,379,54,54,108,4,0,0,5,0,7,60,58,119,1837,1830,3665,211,207,418,1992,2004,4002,67,53,119,2014,2018,4031,19,14,35,198,163,355,57,43,103,10,13,22,15,39,59,482,596,1074,424,441,862,496,458,949,189,148,343,140,138,278,3,3,7,1943,1956,3905,273,241,514
405041127,3784,3672,7458,155,158,315,373,357,732,148,113,263,117,120,235,278,262,546,314,329,643,386,367,756,669,622,1296,772,739,1515,429,414,839,131,185,318,3536,3439,6975,253,226,483,175,185,356,7,4,12,3,3,11,191,193,378,3189,3045,6228,285,324,614,3445,3315,6762,56,67,121,3471,3362,6830,32,32,64,340,327,668,89,85,179,11,36,48,31,84,114,945,1160,2103,740,687,1428,764,632,1398,266,207,476,256,186,444,5,8,6,3376,3254,6630,453,421,880
405041128,2183,1963,4142,73,84,157,196,162,354,76,57,136,76,59,137,146,146,289,162,153,308,239,223,464,422,396,820,477,418,903,265,200,466,50,57,110,1941,1759,3698,240,204,441,33,35,68,0,0,0,0,0,0,33,36,66,1758,1578,3338,217,220,432,1959,1779,3739,34,35,70,1963,1785,3747,15,15,32,169,150,317,48,42,89,10,12,18,12,51,58,543,640,1180,469,389,853,425,336,761,165,108,278,130,88,212,0,0,7,1876,1712,3586,316,266,584
406011129,1372,1330,2697,86,110,196,190,171,363,74,53,128,81,68,145,202,183,390,126,152,279,190,182,370,171,163,331,150,158,303,81,72,155,19,26,45,1272,1265,2539,97,64,164,313,331,644,0,0,0,0,0,0,310,337,649,1129,1076,2205,98,121,221,1123,1094,2218,127,131,253,1214,1177,2390,28,29,57,162,152,311,38,31,67,4,15,17,29,37,62,337,435,772,207,195,409,256,191,445,90,55,144,75,64,136,9,7,6,1218,1205,2428,257,244,499
406011130,3443,3384,6824,194,206,396,443,393,840,162,173,338,103,93,192,295,322,618,363,367,728,427,450,885,563,536,1096,538,465,1002,272,266,540,84,114,197,3140,3122,6257,302,262,567,80,96,175,10,0,15,0,0,0,90,98,192,3003,2903,5906,182,236,414,3180,3125,6306,57,71,121,3210,3131,6344,27,43,75,402,368,773,111,125,239,8,17,20,34,91,116,950,1248,2200,709,582,1286,573,482,1055,202,135,335,163,136,301,7,0,7,3106,3067,6172,372,346,714
406011131,2196,2007,4201,118,99,215,305,266,574,101,62,160,84,63,142,201,222,425,239,205,444,241,258,498,361,312,674,331,284,616,171,157,330,54,82,135,1980,1844,3822,214,163,379,37,29,61,0,0,0,0,0,0,37,29,61,1888,1714,3598,103,127,233,1970,1819,3789,29,34,67,1960,1806,3761,22,19,46,282,244,528,59,45,105,6,20,29,11,42,55,549,694,1243,424,343,763,351,275,627,123,92,212,134,96,227,3,7,6,1845,1734,3585,368,253,625
406011132,1080,1051,2122,59,55,115,159,166,320,50,49,105,38,28,67,101,121,220,123,120,245,137,118,254,187,171,364,139,110,248,57,59,121,23,39,66,985,952,1939,91,89,188,29,30,64,0,0,3,0,0,0,32,33,68,920,890,1805,48,59,107,970,943,1913,8,21,23,970,935,1900,13,14,30,143,148,284,30,36,64,4,9,11,7,25,26,275,365,641,193,153,351,190,131,320,55,51,107,54,43,101,6,0,8,928,891,1822,259,222,484
406011133,8136,8166,16307,479,454,928,1100,997,2094,482,465,945,419,429,846,983,986,1967,969,980,1949,1059,1035,2095,1074,1094,2170,904,952,1851,495,531,1022,178,265,434,7449,7638,15085,685,531,1218,485,480,965,18,6,25,5,6,8,506,492,996,6869,6873,13744,636,758,1388,7058,7332,14388,318,340,658,7160,7440,14606,111,96,204,1003,900,1905,300,322,625,52,79,133,116,276,390,2295,3007,5305,1464,1361,2825,1408,1140,2549,427,389,811,349,325,671,12,9,23,7068,7361,14432,931,715,1643
406011134,1898,1746,3646,93,116,204,241,257,500,96,80,173,75,70,149,179,204,380,208,193,401,263,242,506,316,277,591,299,209,504,104,72,178,29,38,69,1704,1586,3288,200,161,360,300,308,608,0,0,3,0,4,5,299,310,611,1647,1499,3142,92,111,203,1577,1405,2974,180,203,383,1721,1556,3282,18,29,48,216,230,445,56,43,94,3,9,11,13,44,53,459,539,999,315,244,559,380,251,629,115,76,186,109,80,188,5,8,11,1642,1528,3171,395,348,738
406011135,80,60,136,0,0,3,4,10,16,3,4,9,3,4,7,16,9,24,14,7,22,12,14,29,6,5,11,3,4,10,4,0,4,0,0,0,71,49,123,3,8,13,39,31,70,0,0,0,0,0,0,39,31,70,64,46,112,9,4,12,24,17,42,39,38,79,62,48,111,0,0,0,3,5,5,0,0,0,0,0,0,0,0,0,17,8,27,4,5,11,7,3,12,4,0,3,18,15,28,6,3,6,41,44,85,162,30,191
406011136,10617,10531,21154,599,545,1149,1349,1299,2648,636,585,1219,637,582,1219,1374,1339,2710,1164,1188,2350,1492,1444,2936,1529,1427,2957,1052,1046,2099,601,816,1423,195,260,449,10061,10047,20112,554,480,1040,508,585,1091,14,11,24,20,26,44,542,619,1162,8081,7863,15951,1810,1975,3782,9247,9165,18412,654,706,1361,9263,9185,18454,154,158,312,1231,1187,2421,419,397,819,84,129,215,152,403,555,3115,3410,6523,2223,1888,4114,1616,1670,3285,539,517,1052,430,416,844,39,44,80,9751,9703,19452,1121,830,1947
406011137,0,0,0,0,0,0,0,0,0,0,0,0,0,0,0,0,0,0,0,0,0,0,0,0,0,0,0,0,0,0,0,0,0,0,0,0,0,0,0,0,0,0,0,0,0,0,0,0,0,0,0,0,0,0,0,0,0,0,0,0,0,0,0,0,0,0,0,0,0,0,0,0,0,0,0,0,0,0,0,0,0,0,0,0,0,0,0,0,0,0,0,0,0,0,0,0,0,0,0,0,0,0,0,0,0,0,0,0
406021138,1067,1264,2333,88,109,197,170,185,362,116,104,213,104,119,225,208,263,477,133,174,302,126,148,269,84,107,187,31,37,62,12,15,24,9,11,17,1010,1173,2182,59,94,153,961,1086,2048,0,0,0,8,3,10,967,1092,2064,1009,1169,2178,21,42,61,102,150,256,923,1056,1978,1025,1188,2209,21,50,70,150,171,322,27,46,69,4,6,12,7,15,24,145,235,374,102,153,253,209,213,419,104,100,205,138,125,259,17,16,36,1047,1201,2246,77,94,174
406021139,895,672,1566,31,34,67,70,54,122,33,35,73,29,20,48,99,118,216,93,71,168,104,89,194,146,87,232,140,113,246,126,48,171,23,9,29,824,623,1447,72,44,119,112,110,223,0,0,0,3,8,8,115,123,236,474,348,827,226,183,412,524,393,910,199,148,347,659,465,1131,6,3,9,58,39,93,13,19,35,0,0,0,22,30,50,232,242,468,119,74,190,143,68,217,58,33,93,66,27,100,3,4,11,710,529,1241,515,385,904
406021140,1087,1058,2142,66,52,116,86,91,180,40,39,76,39,38,74,93,98,184,89,84,171,128,138,262,209,195,402,217,201,417,104,92,192,28,28,52,963,971,1936,123,86,204,99,129,231,0,0,0,0,0,0,97,134,236,885,875,1762,75,85,159,929,913,1840,33,48,85,948,947,1897,13,14,30,79,87,165,24,25,53,3,5,8,4,34,44,239,367,602,237,189,421,194,156,346,82,55,140,65,48,115,0,0,0,909,915,1824,302,274,580
406021141,1182,847,2030,35,41,76,79,88,166,55,42,96,87,61,145,207,119,328,148,100,246,169,149,312,224,135,357,124,91,215,38,27,65,11,7,22,1052,766,1820,123,86,209,158,164,318,0,0,4,0,0,0,163,162,322,846,639,1491,115,91,207,887,647,1536,81,88,176,924,690,1620,4,10,18,72,78,150,15,15,27,7,8,15,5,25,30,332,349,686,197,109,301,182,91,276,72,32,100,51,29,84,9,4,13,721,637,1368,2582,955,3534
406021142,6966,6548,13515,405,386,794,856,873,1730,413,349,764,408,339,752,1154,934,2087,866,766,1628,801,836,1645,911,863,1772,669,651,1324,381,392,771,92,158,248,6440,6195,12638,520,355,873,1443,1287,2725,16,17,33,26,31,58,1475,1335,2812,5785,5477,11267,605,554,1160,5381,5532,10913,447,505,954,5566,5753,11316,98,106,202,765,776,1545,247,219,472,34,52,91,108,229,332,1508,1936,3448,1306,1163,2460,1448,992,2438,386,335,716,393,339,733,48,40,92,5591,5915,11502,1653,820,2474
406021143,2170,1813,3976,170,193,365,326,329,657,105,89,195,122,114,242,450,403,856,439,308,746,308,202,510,211,137,346,34,23,53,7,0,14,0,4,3,1999,1710,3705,170,102,269,88,95,189,9,0,9,7,6,6,98,97,198,1599,1353,2954,292,249,540,1703,1464,3170,193,157,352,1729,1464,3191,36,29,63,294,285,579,60,50,112,10,9,22,56,81,141,670,717,1383,342,196,540,321,166,487,70,34,105,19,26,49,5,5,6,1696,1556,3252,2790,695,3490
407011144,6043,6477,12516,196,174,370,494,477,972,236,236,470,162,166,323,367,410,775,444,507,949,630,594,1221,910,1065,1967,1370,1527,2899,972,974,1947,268,358,626,5529,6024,11551,514,456,968,95,80,178,0,3,11,5,0,3,102,92,190,4575,4850,9422,1164,1289,2450,5634,6001,11634,145,194,345,5570,5937,11511,50,41,90,460,455,914,157,181,339,34,44,85,90,178,272,2103,2420,4517,1191,1215,2408,1142,1199,2338,368,383,757,227,219,447,13,11,29,5453,5836,11285,394,541,936
407011145,2527,2363,4894,133,122,255,287,241,526,105,83,191,93,78,169,237,247,480,245,243,488,293,305,603,448,408,851,420,389,804,217,187,403,61,61,119,2258,2135,4393,268,226,497,51,27,80,0,0,0,0,0,0,54,27,82,1949,1801,3747,337,380,711,2211,2084,4294,96,106,201,2173,2048,4220,30,20,51,265,225,490,66,45,107,3,7,18,32,66,97,807,997,1802,400,352,747,418,309,728,162,94,251,92,60,152,8,0,8,2142,2039,4184,447,399,850
407011146,3741,4135,7871,212,180,391,473,496,974,224,226,445,194,195,390,363,405,770,363,413,777,478,534,1015,487,575,1065,515,614,1129,329,368,700,101,124,225,3539,3980,7514,202,156,354,74,71,138,6,0,6,0,0,0,77,68,143,3128,3372,6498,413,556,965,3498,3834,7331,67,127,190,3455,3791,7247,59,45,106,450,470,920,174,174,344,50,61,109,68,155,219,1276,1629,2907,639,685,1322,599,592,1197,215,204,417,119,136,248,12,0,10,3441,3843,7286,210,243,459
407011147,4059,3910,7969,180,173,350,494,475,966,259,240,500,169,162,334,323,336,657,442,448,888,608,597,1208,682,685,1372,625,564,1187,238,192,431,38,40,78,3785,3729,7517,268,186,451,60,65,128,0,0,0,0,0,0,63,69,125,3193,3055,6251,565,595,1160,3677,3568,7246,112,117,226,3617,3512,7130,34,35,73,449,444,892,172,185,360,31,60,94,48,138,189,1385,1613,2998,721,673,1386,652,547,1205,231,132,359,128,68,196,14,3,15,3680,3647,7331,262,228,489
407011148,7429,8418,15847,258,237,497,725,673,1404,324,310,635,247,221,474,481,485,967,595,646,1240,703,820,1520,1011,1267,2280,1562,1987,3548,1157,1218,2373,368,544,912,6946,7981,14920,483,438,923,133,118,253,3,6,12,3,0,4,140,126,266,5678,6376,12058,1426,1677,3107,6899,7813,14711,248,290,543,6835,7763,14600,68,70,136,692,649,1336,231,241,472,47,63,110,112,242,356,2608,3024,5631,1342,1537,2881,1388,1707,3089,437,485,925,332,331,666,18,18,38,6815,7756,14572,452,589,1036
407011149,3238,3258,6498,143,126,264,334,317,662,137,142,276,92,97,192,188,244,432,260,288,548,384,392,777,581,626,1207,713,627,1340,329,291,616,75,107,184,3037,3078,6114,201,186,385,59,43,108,0,0,0,0,0,0,62,44,104,2483,2437,4924,524,601,1131,2994,2990,5981,67,89,156,2948,2942,5893,33,21,52,318,303,615,98,110,208,17,33,42,34,103,142,1113,1283,2395,570,567,1139,547,527,1077,198,143,342,126,95,221,8,3,10,2947,2958,5899,273,291,555
407021150,3494,2641,6138,129,146,272,393,352,744,175,146,324,162,119,279,379,221,602,509,323,832,538,383,922,524,401,925,473,331,804,175,149,325,47,66,115,3297,2483,5781,198,160,354,124,63,186,3,5,7,0,0,0,126,64,196,2936,2175,5112,270,211,479,2582,2360,4939,48,58,112,2549,2328,4877,37,30,61,360,329,691,113,109,222,21,29,49,39,71,110,739,932,1671,550,458,1013,957,339,1296,226,107,331,167,81,246,9,0,10,2503,2334,4834,896,259,1150
407021151,1933,1938,3872,73,99,169,197,175,370,86,70,157,79,77,159,173,171,346,182,183,369,232,215,445,329,329,656,360,350,709,167,203,371,56,58,118,1746,1753,3493,190,184,373,36,33,70,0,0,4,0,4,4,38,35,71,1676,1639,3315,139,178,314,1784,1788,3567,45,36,85,1780,1759,3539,11,19,30,185,163,348,56,56,109,10,27,38,17,36,52,562,705,1274,378,355,733,361,288,648,131,93,224,108,90,203,8,3,12,1710,1715,3425,232,222,450
407021152,2590,2652,5245,106,99,203,284,288,573,186,165,360,132,116,247,219,224,438,243,270,512,338,344,686,401,409,809,411,368,777,194,237,430,71,139,210,2459,2535,4991,135,122,254,81,81,160,4,7,8,5,8,9,92,88,177,2160,2195,4362,249,293,547,2356,2416,4773,88,85,173,2378,2444,4821,20,22,42,271,274,541,120,128,252,16,28,42,26,65,88,658,809,1467,512,488,997,464,455,914,204,158,364,152,166,321,15,10,21,2361,2378,4739,184,204,386
407021154,3229,3068,6293,194,170,359,413,390,806,170,140,307,192,141,332,445,384,827,433,422,858,381,346,730,373,351,726,334,335,671,217,261,473,81,123,198,3036,2912,5946,195,154,346,51,54,108,0,5,0,4,6,9,56,59,113,2315,2351,4665,660,495,1156,2498,2516,5014,506,363,870,2594,2621,5212,39,37,81,382,359,744,103,99,202,21,32,56,44,109,150,916,1079,1995,528,486,1011,511,435,943,185,140,321,148,142,293,95,37,132,2915,2776,5688,294,259,550
407021155,1282,1113,2395,79,60,138,177,151,326,65,70,138,55,48,98,125,92,218,134,152,286,173,170,338,225,189,413,173,137,310,68,45,112,7,12,22,1212,1038,2242,70,81,149,18,15,28,0,0,0,0,0,0,18,15,28,1114,940,2046,63,75,138,1167,998,2162,22,19,44,1155,980,2140,16,15,26,160,131,290,48,50,96,3,11,20,13,27,36,414,468,885,200,186,393,208,108,315,65,29,99,47,18,63,4,0,11,1158,972,2125,103,94,193
407021156,1615,1493,3107,72,63,134,205,204,406,93,71,163,63,50,122,155,142,297,179,173,353,220,233,450,257,229,487,247,183,430,109,108,214,21,37,56,1483,1403,2892,128,92,219,17,28,50,0,0,0,0,0,0,18,28,51,1338,1229,2567,140,141,279,1451,1341,2795,42,47,95,1430,1331,2760,13,11,31,187,189,375,65,42,110,9,12,22,23,45,66,478,542,1019,254,238,493,283,229,511,99,58,151,99,52,154,12,6,19,1430,1334,2760,123,123,254
407021157,3591,3303,6891,177,195,372,441,430,870,218,146,363,223,168,394,454,409,861,410,414,824,503,446,944,492,421,921,393,345,745,203,226,431,63,106,172,3375,3131,6505,214,174,388,64,42,109,4,3,6,0,0,0,66,45,109,2799,2623,5427,476,417,897,2967,2804,5774,343,263,605,2991,2823,5813,40,39,82,409,400,811,126,97,226,31,37,63,49,98,151,960,1226,2188,668,503,1171,563,442,1006,252,124,372,165,137,303,48,13,64,3158,2931,6090,451,318,772
407021158,1769,1703,3470,96,101,194,215,184,401,102,98,207,58,39,100,133,149,284,173,205,376,257,219,476,285,311,597,310,258,563,118,106,223,22,24,43,1630,1574,3206,138,120,261,20,18,40,0,0,0,0,0,0,20,18,40,1485,1401,2893,113,150,262,1587,1523,3112,38,48,86,1589,1519,3109,30,28,52,201,168,367,64,67,131,8,8,13,7,43,54,417,635,1050,371,274,648,333,244,575,102,70,169,81,60,149,6,3,10,1555,1506,3063,152,139,289
407021173,7258,7690,14947,396,414,810,1019,949,1968,473,469,942,402,374,777,878,905,1781,801,923,1726,939,1033,1971,980,1012,1993,808,835,1645,422,488,915,150,282,429,6877,7319,14199,379,367,751,193,192,386,3,4,7,6,6,8,203,198,404,6078,6349,12428,748,842,1586,6435,6721,13163,402,469,868,6567,6950,13517,113,115,230,943,875,1817,314,330,643,42,90,127,130,340,471,2015,2719,4731,1368,1329,2705,1205,1043,2242,450,393,840,363,336,698,35,34,72,6646,6963,13609,503,573,1076
407021174,6975,7523,14499,409,405,812,918,849,1763,467,460,932,404,422,825,872,935,1806,782,832,1613,827,908,1731,860,981,1844,814,891,1707,466,612,1076,166,233,395,6613,7160,13774,360,364,719,186,200,384,3,4,9,4,5,9,196,211,404,5836,6231,12074,768,897,1658,6153,6608,12763,467,532,993,6285,6796,13080,94,106,204,863,791,1655,296,320,610,50,99,146,147,327,474,1931,2606,4539,1358,1281,2643,1160,1138,2295,428,403,829,363,379,746,43,63,108,6459,6992,13450,547,497,1042
407031159,3256,3150,6401,130,130,255,410,354,761,217,155,377,163,123,279,318,301,626,323,316,645,411,436,845,491,521,1009,491,455,949,216,243,456,83,111,197,3101,3012,6113,153,134,285,145,147,289,0,0,0,5,6,5,147,149,295,2708,2609,5319,363,366,727,2789,2725,5512,316,269,589,2977,2909,5882,25,32,55,380,340,723,137,100,240,22,33,47,39,74,115,858,1080,1932,587,520,1105,604,508,1110,246,182,425,231,186,413,22,25,44,3023,2925,5948,222,216,444
407031160,1997,2145,4143,89,105,191,233,236,473,123,132,247,146,125,275,258,258,515,229,252,472,254,243,498,235,254,489,248,268,523,120,166,292,62,101,166,1893,2032,3927,103,110,214,142,124,266,4,4,7,4,3,5,147,135,284,1579,1704,3281,285,286,570,1660,1787,3441,223,224,442,1745,1905,3649,24,26,45,217,216,434,75,91,171,13,18,35,33,79,109,622,731,1352,302,334,640,353,330,687,134,134,270,133,127,254,11,13,30,1824,1951,3780,228,218,443
407031161,1536,1387,2921,83,55,134,167,185,353,88,66,157,63,45,102,173,147,323,163,164,322,193,162,351,230,225,452,223,179,403,109,106,219,37,66,105,1441,1307,2748,91,80,176,34,15,50,0,0,0,4,0,4,37,15,52,1219,1097,2314,165,162,327,1303,1185,2489,104,84,183,1306,1184,2492,13,15,29,141,165,310,54,50,107,9,3,13,15,38,53,408,481,896,261,225,483,290,173,461,103,65,165,85,83,167,7,4,12,1335,1206,2544,199,149,348
407031162,2761,2815,5575,161,148,310,361,353,711,163,132,299,122,115,242,275,316,586,296,281,574,345,332,680,351,366,721,388,358,743,213,285,506,86,124,209,2627,2701,5332,134,112,243,79,76,152,0,0,0,3,6,3,80,81,158,2407,2416,4818,158,210,361,2479,2533,5015,99,121,217,2523,2585,5107,29,28,56,331,330,660,109,97,203,13,26,39,40,103,143,727,942,1667,502,466,972,459,400,863,157,152,302,195,181,385,13,6,19,2500,2558,5057,255,246,496
407031163,913,831,1742,53,40,90,86,108,190,44,50,99,32,24,54,75,90,171,82,82,163,145,129,278,161,143,304,147,109,254,70,43,110,12,15,28,846,783,1632,63,47,113,21,15,34,0,0,0,0,0,4,20,19,46,757,677,1437,67,80,150,815,742,1555,24,28,54,807,733,1541,6,8,15,83,97,178,25,37,60,0,3,7,15,26,41,239,290,523,171,159,323,190,120,308,63,46,110,46,27,69,0,0,0,810,748,1560,81,66,149
407031164,3388,3201,6594,116,124,240,328,273,603,146,142,286,121,111,226,251,252,497,256,258,514,439,451,892,628,603,1228,699,593,1295,332,296,630,81,99,177,3126,3017,6150,260,183,445,81,86,159,0,0,0,0,0,3,78,82,164,2703,2536,5233,349,371,718,3052,2873,5920,43,73,115,3000,2850,5854,27,24,53,293,244,542,95,101,199,21,17,40,25,96,133,822,1015,1837,628,585,1218,708,546,1256,270,192,460,206,196,402,7,9,8,2991,2862,5843,377,370,738
407031165,9058,9184,18243,487,479,964,1028,1073,2106,527,490,1012,540,517,1056,1203,1110,2315,1104,941,2040,1101,1085,2191,1133,1258,2389,1029,1108,2132,702,775,1475,219,348,570,8616,8815,17436,442,367,813,557,520,1077,4,10,15,5,4,10,566,534,1101,7278,7340,14617,1172,1287,2460,7264,7793,15059,786,860,1653,7584,8115,15699,123,112,228,933,995,1928,345,341,682,72,99,174,165,315,479,2346,2919,5263,1395,1415,2810,1918,1510,3432,621,594,1211,598,599,1191,58,48,105,7926,8525,16455,1024,594,1624
407031166,1984,1751,3732,106,92,201,235,203,441,105,113,221,94,76,168,193,178,369,187,187,375,272,284,552,357,288,653,271,225,499,129,83,214,31,18,51,1869,1659,3524,121,96,211,58,61,115,0,4,3,0,0,0,57,63,117,1688,1470,3157,150,163,307,1800,1588,3392,56,60,115,1809,1607,3418,21,18,36,213,193,406,70,77,147,15,17,36,13,40,55,496,636,1129,376,261,641,376,276,656,136,103,238,115,63,178,7,0,9,1810,1619,3429,117,98,218
407031167,2214,2493,4705,128,129,254,225,261,482,136,112,245,129,132,254,306,317,625,241,274,517,247,271,518,246,296,547,326,336,659,165,244,414,69,133,200,2089,2371,4464,121,125,244,91,118,208,0,3,3,5,3,5,95,122,214,1693,1886,3577,388,441,831,1703,1963,3669,393,392,784,1901,2166,4065,19,24,42,209,239,445,86,72,163,10,27,42,44,86,133,665,796,1464,359,385,745,355,423,781,150,135,287,146,176,320,46,36,82,2038,2255,4294,266,307,580
407031168,2721,2359,5080,143,127,270,307,287,593,171,137,307,165,114,283,334,266,601,289,261,549,359,355,719,426,368,798,336,290,629,149,117,264,35,35,72,2595,2280,4874,122,86,204,52,41,95,0,0,0,0,0,0,51,39,99,2153,1930,4082,315,230,551,2171,1961,4137,343,244,584,2379,2129,4515,38,24,59,287,271,553,106,95,203,18,28,47,35,52,82,710,799,1510,488,387,878,498,348,843,209,107,318,140,116,254,22,20,42,2436,2178,4613,293,179,467
407031169,2866,2607,5473,124,118,243,353,289,642,136,131,267,142,102,242,326,273,596,284,272,557,316,322,637,483,436,918,389,361,744,260,226,486,56,88,142,2686,2477,5167,182,130,315,160,146,306,0,0,3,5,3,6,164,149,312,2315,2101,4418,220,255,472,2460,2292,4751,107,101,202,2471,2285,4758,28,27,52,307,250,552,81,90,170,19,15,31,20,63,88,669,847,1513,520,446,968,532,401,938,189,140,328,185,140,329,6,7,17,2479,2328,4807,343,270,610
407031170,3531,3111,6646,160,136,297,357,351,711,184,138,319,142,106,255,333,295,625,405,295,699,455,390,840,555,503,1059,597,539,1137,271,252,524,79,113,186,3311,2952,6260,219,159,385,116,59,174,5,5,5,4,0,4,119,64,185,2876,2488,5364,369,363,738,2921,2706,5627,158,183,345,2924,2738,5662,33,29,56,331,324,654,120,95,212,15,28,46,33,61,96,838,946,1786,598,549,1145,773,541,1313,264,200,462,217,156,371,14,8,20,2963,2803,5767,601,355,960
497979799,12,0,12,0,0,0,0,0,0,0,0,0,0,0,0,0,0,0,3,0,3,5,0,5,0,0,0,0,0,0,0,0,0,0,0,0,12,0,12,0,0,0,0,0,0,0,0,0,0,0,0,0,0,0,0,0,0,4,0,4,0,0,0,8,0,8,0,0,0,0,0,0,0,0,0,0,0,0,0,0,0,0,0,0,4,0,4,0,0,0,0,0,0,0,0,0,0,0,0,0,0,0,0,0,0,34,0,34
499999499,1873,1506,3377,77,56,140,128,139,262,74,112,186,108,95,206,320,305,627,289,245,534,299,178,478,311,197,513,214,141,359,40,26,64,7,10,11,0,0,0,1873,1506,3377,199,180,376,0,0,0,7,3,6,203,180,384,1248,1010,2262,282,249,530,1230,1034,2261,148,167,314,1267,1065,2335,10,13,25,96,110,200,33,61,92,18,22,39,39,54,94,435,417,850,280,228,509,291,256,543,113,70,185,64,31,95,10,6,21,0,0,0,0,0,0
